[0.242s] DEBUG:colcon:Command line arguments: ['/usr/bin/colcon', 'build']
[0.242s] DEBUG:colcon:Parsed command line arguments: Namespace(log_base=None, log_level=None, verb_name='build', build_base='build', install_base='install', merge_install=False, symlink_install=False, test_result_base=None, continue_on_error=False, executor='parallel', parallel_workers=20, event_handlers=None, ignore_user_meta=False, metas=['./colcon.meta'], base_paths=['.'], packages_ignore=None, packages_ignore_regex=None, paths=None, packages_up_to=None, packages_up_to_regex=None, packages_above=None, packages_above_and_dependencies=None, packages_above_depth=None, packages_select_by_dep=None, packages_skip_by_dep=None, packages_skip_up_to=None, packages_select_build_failed=False, packages_skip_build_finished=False, packages_select_test_failures=False, packages_skip_test_passed=False, packages_select=None, packages_skip=None, packages_select_regex=None, packages_skip_regex=None, packages_start=None, packages_end=None, allow_overriding=[], cmake_args=None, cmake_target=None, cmake_target_skip_unavailable=False, cmake_clean_cache=False, cmake_clean_first=False, cmake_force_configure=False, ament_cmake_args=None, catkin_cmake_args=None, catkin_skip_building_tests=False, mixin_files=None, mixin=None, verb_parser=<colcon_mixin.mixin.mixin_argument.MixinArgumentDecorator object at 0x702dee54bb20>, verb_extension=<colcon_core.verb.build.BuildVerb object at 0x702dee54b640>, main=<bound method BuildVerb.main of <colcon_core.verb.build.BuildVerb object at 0x702dee54b640>>, mixin_verb=('build',))
[0.365s] Level 1:colcon.colcon_core.package_discovery:discover_packages(colcon_meta) check parameters
[0.365s] Level 1:colcon.colcon_core.package_discovery:discover_packages(recursive) check parameters
[0.365s] Level 1:colcon.colcon_core.package_discovery:discover_packages(ignore) check parameters
[0.365s] Level 1:colcon.colcon_core.package_discovery:discover_packages(path) check parameters
[0.365s] Level 1:colcon.colcon_core.package_discovery:discover_packages(colcon_meta) discover
[0.365s] Level 1:colcon.colcon_core.package_discovery:discover_packages(recursive) discover
[0.365s] INFO:colcon.colcon_core.package_discovery:Crawling recursively for packages in '/home/ema/SESAR/ros2_ws'
[0.365s] Level 1:colcon.colcon_core.package_identification:_identify(.) by extensions ['ignore', 'ignore_ament_install']
[0.366s] Level 1:colcon.colcon_core.package_identification:_identify(.) by extension 'ignore'
[0.366s] Level 1:colcon.colcon_core.package_identification:_identify(.) by extension 'ignore_ament_install'
[0.366s] Level 1:colcon.colcon_core.package_identification:_identify(.) by extensions ['colcon_pkg']
[0.366s] Level 1:colcon.colcon_core.package_identification:_identify(.) by extension 'colcon_pkg'
[0.366s] Level 1:colcon.colcon_core.package_identification:_identify(.) by extensions ['colcon_meta']
[0.366s] Level 1:colcon.colcon_core.package_identification:_identify(.) by extension 'colcon_meta'
[0.366s] Level 1:colcon.colcon_core.package_identification:_identify(.) by extensions ['ros']
[0.366s] Level 1:colcon.colcon_core.package_identification:_identify(.) by extension 'ros'
[0.374s] Level 1:colcon.colcon_core.package_identification:_identify(.) by extensions ['cmake', 'python']
[0.374s] Level 1:colcon.colcon_core.package_identification:_identify(.) by extension 'cmake'
[0.374s] Level 1:colcon.colcon_core.package_identification:_identify(.) by extension 'python'
[0.374s] Level 1:colcon.colcon_core.package_identification:_identify(.) by extensions ['python_setup_py']
[0.374s] Level 1:colcon.colcon_core.package_identification:_identify(.) by extension 'python_setup_py'
[0.374s] Level 1:colcon.colcon_core.package_identification:_identify(build) by extensions ['ignore', 'ignore_ament_install']
[0.374s] Level 1:colcon.colcon_core.package_identification:_identify(build) by extension 'ignore'
[0.375s] Level 1:colcon.colcon_core.package_identification:_identify(build) ignored
[0.375s] Level 1:colcon.colcon_core.package_identification:_identify(install) by extensions ['ignore', 'ignore_ament_install']
[0.375s] Level 1:colcon.colcon_core.package_identification:_identify(install) by extension 'ignore'
[0.375s] Level 1:colcon.colcon_core.package_identification:_identify(install) ignored
[0.375s] Level 1:colcon.colcon_core.package_identification:_identify(log) by extensions ['ignore', 'ignore_ament_install']
[0.375s] Level 1:colcon.colcon_core.package_identification:_identify(log) by extension 'ignore'
[0.375s] Level 1:colcon.colcon_core.package_identification:_identify(log) ignored
[0.375s] Level 1:colcon.colcon_core.package_identification:_identify(rosbag2_2025_11_23-16_48_42) by extensions ['ignore', 'ignore_ament_install']
[0.375s] Level 1:colcon.colcon_core.package_identification:_identify(rosbag2_2025_11_23-16_48_42) by extension 'ignore'
[0.375s] Level 1:colcon.colcon_core.package_identification:_identify(rosbag2_2025_11_23-16_48_42) by extension 'ignore_ament_install'
[0.375s] Level 1:colcon.colcon_core.package_identification:_identify(rosbag2_2025_11_23-16_48_42) by extensions ['colcon_pkg']
[0.375s] Level 1:colcon.colcon_core.package_identification:_identify(rosbag2_2025_11_23-16_48_42) by extension 'colcon_pkg'
[0.375s] Level 1:colcon.colcon_core.package_identification:_identify(rosbag2_2025_11_23-16_48_42) by extensions ['colcon_meta']
[0.375s] Level 1:colcon.colcon_core.package_identification:_identify(rosbag2_2025_11_23-16_48_42) by extension 'colcon_meta'
[0.375s] Level 1:colcon.colcon_core.package_identification:_identify(rosbag2_2025_11_23-16_48_42) by extensions ['ros']
[0.375s] Level 1:colcon.colcon_core.package_identification:_identify(rosbag2_2025_11_23-16_48_42) by extension 'ros'
[0.375s] Level 1:colcon.colcon_core.package_identification:_identify(rosbag2_2025_11_23-16_48_42) by extensions ['cmake', 'python']
[0.375s] Level 1:colcon.colcon_core.package_identification:_identify(rosbag2_2025_11_23-16_48_42) by extension 'cmake'
[0.375s] Level 1:colcon.colcon_core.package_identification:_identify(rosbag2_2025_11_23-16_48_42) by extension 'python'
[0.375s] Level 1:colcon.colcon_core.package_identification:_identify(rosbag2_2025_11_23-16_48_42) by extensions ['python_setup_py']
[0.375s] Level 1:colcon.colcon_core.package_identification:_identify(rosbag2_2025_11_23-16_48_42) by extension 'python_setup_py'
[0.375s] Level 1:colcon.colcon_core.package_identification:_identify(src) by extensions ['ignore', 'ignore_ament_install']
[0.375s] Level 1:colcon.colcon_core.package_identification:_identify(src) by extension 'ignore'
[0.375s] Level 1:colcon.colcon_core.package_identification:_identify(src) by extension 'ignore_ament_install'
[0.376s] Level 1:colcon.colcon_core.package_identification:_identify(src) by extensions ['colcon_pkg']
[0.376s] Level 1:colcon.colcon_core.package_identification:_identify(src) by extension 'colcon_pkg'
[0.376s] Level 1:colcon.colcon_core.package_identification:_identify(src) by extensions ['colcon_meta']
[0.376s] Level 1:colcon.colcon_core.package_identification:_identify(src) by extension 'colcon_meta'
[0.376s] Level 1:colcon.colcon_core.package_identification:_identify(src) by extensions ['ros']
[0.376s] Level 1:colcon.colcon_core.package_identification:_identify(src) by extension 'ros'
[0.376s] Level 1:colcon.colcon_core.package_identification:_identify(src) by extensions ['cmake', 'python']
[0.376s] Level 1:colcon.colcon_core.package_identification:_identify(src) by extension 'cmake'
[0.376s] Level 1:colcon.colcon_core.package_identification:_identify(src) by extension 'python'
[0.376s] Level 1:colcon.colcon_core.package_identification:_identify(src) by extensions ['python_setup_py']
[0.376s] Level 1:colcon.colcon_core.package_identification:_identify(src) by extension 'python_setup_py'
[0.376s] Level 1:colcon.colcon_core.package_identification:_identify(src/lab01_pkg) by extensions ['ignore', 'ignore_ament_install']
[0.376s] Level 1:colcon.colcon_core.package_identification:_identify(src/lab01_pkg) by extension 'ignore'
[0.376s] Level 1:colcon.colcon_core.package_identification:_identify(src/lab01_pkg) by extension 'ignore_ament_install'
[0.376s] Level 1:colcon.colcon_core.package_identification:_identify(src/lab01_pkg) by extensions ['colcon_pkg']
[0.376s] Level 1:colcon.colcon_core.package_identification:_identify(src/lab01_pkg) by extension 'colcon_pkg'
[0.376s] Level 1:colcon.colcon_core.package_identification:_identify(src/lab01_pkg) by extensions ['colcon_meta']
[0.376s] Level 1:colcon.colcon_core.package_identification:_identify(src/lab01_pkg) by extension 'colcon_meta'
[0.376s] Level 1:colcon.colcon_core.package_identification:_identify(src/lab01_pkg) by extensions ['ros']
[0.376s] Level 1:colcon.colcon_core.package_identification:_identify(src/lab01_pkg) by extension 'ros'
[0.378s] DEBUG:colcon.colcon_core.package_identification:Package 'src/lab01_pkg' with type 'ros.ament_python' and name 'lab01_pkg'
[0.378s] Level 1:colcon.colcon_core.package_identification:_identify(src/lab02_pkg) by extensions ['ignore', 'ignore_ament_install']
[0.378s] Level 1:colcon.colcon_core.package_identification:_identify(src/lab02_pkg) by extension 'ignore'
[0.378s] Level 1:colcon.colcon_core.package_identification:_identify(src/lab02_pkg) by extension 'ignore_ament_install'
[0.378s] Level 1:colcon.colcon_core.package_identification:_identify(src/lab02_pkg) by extensions ['colcon_pkg']
[0.378s] Level 1:colcon.colcon_core.package_identification:_identify(src/lab02_pkg) by extension 'colcon_pkg'
[0.378s] Level 1:colcon.colcon_core.package_identification:_identify(src/lab02_pkg) by extensions ['colcon_meta']
[0.378s] Level 1:colcon.colcon_core.package_identification:_identify(src/lab02_pkg) by extension 'colcon_meta'
[0.378s] Level 1:colcon.colcon_core.package_identification:_identify(src/lab02_pkg) by extensions ['ros']
[0.378s] Level 1:colcon.colcon_core.package_identification:_identify(src/lab02_pkg) by extension 'ros'
[0.379s] DEBUG:colcon.colcon_core.package_identification:Package 'src/lab02_pkg' with type 'ros.ament_python' and name 'lab02_pkg'
[0.379s] Level 1:colcon.colcon_core.package_identification:_identify(src/lab03_pkg) by extensions ['ignore', 'ignore_ament_install']
[0.379s] Level 1:colcon.colcon_core.package_identification:_identify(src/lab03_pkg) by extension 'ignore'
[0.379s] Level 1:colcon.colcon_core.package_identification:_identify(src/lab03_pkg) by extension 'ignore_ament_install'
[0.379s] Level 1:colcon.colcon_core.package_identification:_identify(src/lab03_pkg) by extensions ['colcon_pkg']
[0.379s] Level 1:colcon.colcon_core.package_identification:_identify(src/lab03_pkg) by extension 'colcon_pkg'
[0.379s] Level 1:colcon.colcon_core.package_identification:_identify(src/lab03_pkg) by extensions ['colcon_meta']
[0.379s] Level 1:colcon.colcon_core.package_identification:_identify(src/lab03_pkg) by extension 'colcon_meta'
[0.379s] Level 1:colcon.colcon_core.package_identification:_identify(src/lab03_pkg) by extensions ['ros']
[0.379s] Level 1:colcon.colcon_core.package_identification:_identify(src/lab03_pkg) by extension 'ros'
[0.380s] DEBUG:colcon.colcon_core.package_identification:Package 'src/lab03_pkg' with type 'ros.ament_python' and name 'lab03_pkg'
[0.380s] Level 1:colcon.colcon_core.package_identification:_identify(src/lab04_pkg) by extensions ['ignore', 'ignore_ament_install']
[0.380s] Level 1:colcon.colcon_core.package_identification:_identify(src/lab04_pkg) by extension 'ignore'
[0.380s] Level 1:colcon.colcon_core.package_identification:_identify(src/lab04_pkg) by extension 'ignore_ament_install'
[0.380s] Level 1:colcon.colcon_core.package_identification:_identify(src/lab04_pkg) by extensions ['colcon_pkg']
[0.380s] Level 1:colcon.colcon_core.package_identification:_identify(src/lab04_pkg) by extension 'colcon_pkg'
[0.380s] Level 1:colcon.colcon_core.package_identification:_identify(src/lab04_pkg) by extensions ['colcon_meta']
[0.380s] Level 1:colcon.colcon_core.package_identification:_identify(src/lab04_pkg) by extension 'colcon_meta'
[0.380s] Level 1:colcon.colcon_core.package_identification:_identify(src/lab04_pkg) by extensions ['ros']
[0.380s] Level 1:colcon.colcon_core.package_identification:_identify(src/lab04_pkg) by extension 'ros'
[0.382s] DEBUG:colcon.colcon_core.package_identification:Package 'src/lab04_pkg' with type 'ros.ament_python' and name 'lab04_pkg'
[0.382s] Level 1:colcon.colcon_core.package_identification:_identify(src/log) by extensions ['ignore', 'ignore_ament_install']
[0.382s] Level 1:colcon.colcon_core.package_identification:_identify(src/log) by extension 'ignore'
[0.382s] Level 1:colcon.colcon_core.package_identification:_identify(src/log) ignored
[0.383s] Level 1:colcon.colcon_core.package_identification:_identify(src/my_package) by extensions ['ignore', 'ignore_ament_install']
[0.383s] Level 1:colcon.colcon_core.package_identification:_identify(src/my_package) by extension 'ignore'
[0.383s] Level 1:colcon.colcon_core.package_identification:_identify(src/my_package) by extension 'ignore_ament_install'
[0.383s] Level 1:colcon.colcon_core.package_identification:_identify(src/my_package) by extensions ['colcon_pkg']
[0.383s] Level 1:colcon.colcon_core.package_identification:_identify(src/my_package) by extension 'colcon_pkg'
[0.383s] Level 1:colcon.colcon_core.package_identification:_identify(src/my_package) by extensions ['colcon_meta']
[0.383s] Level 1:colcon.colcon_core.package_identification:_identify(src/my_package) by extension 'colcon_meta'
[0.383s] Level 1:colcon.colcon_core.package_identification:_identify(src/my_package) by extensions ['ros']
[0.383s] Level 1:colcon.colcon_core.package_identification:_identify(src/my_package) by extension 'ros'
[0.383s] DEBUG:colcon.colcon_core.package_identification:Package 'src/my_package' with type 'ros.ament_python' and name 'my_package'
[0.383s] Level 1:colcon.colcon_core.package_identification:_identify(src/turtlebot3_perception) by extensions ['ignore', 'ignore_ament_install']
[0.383s] Level 1:colcon.colcon_core.package_identification:_identify(src/turtlebot3_perception) by extension 'ignore'
[0.384s] Level 1:colcon.colcon_core.package_identification:_identify(src/turtlebot3_perception) by extension 'ignore_ament_install'
[0.384s] Level 1:colcon.colcon_core.package_identification:_identify(src/turtlebot3_perception) by extensions ['colcon_pkg']
[0.384s] Level 1:colcon.colcon_core.package_identification:_identify(src/turtlebot3_perception) by extension 'colcon_pkg'
[0.384s] Level 1:colcon.colcon_core.package_identification:_identify(src/turtlebot3_perception) by extensions ['colcon_meta']
[0.384s] Level 1:colcon.colcon_core.package_identification:_identify(src/turtlebot3_perception) by extension 'colcon_meta'
[0.384s] Level 1:colcon.colcon_core.package_identification:_identify(src/turtlebot3_perception) by extensions ['ros']
[0.384s] Level 1:colcon.colcon_core.package_identification:_identify(src/turtlebot3_perception) by extension 'ros'
[0.384s] Level 1:colcon.colcon_core.package_identification:_identify(src/turtlebot3_perception) by extensions ['cmake', 'python']
[0.384s] Level 1:colcon.colcon_core.package_identification:_identify(src/turtlebot3_perception) by extension 'cmake'
[0.384s] Level 1:colcon.colcon_core.package_identification:_identify(src/turtlebot3_perception) by extension 'python'
[0.384s] Level 1:colcon.colcon_core.package_identification:_identify(src/turtlebot3_perception) by extensions ['python_setup_py']
[0.384s] Level 1:colcon.colcon_core.package_identification:_identify(src/turtlebot3_perception) by extension 'python_setup_py'
[0.384s] Level 1:colcon.colcon_core.package_identification:_identify(src/turtlebot3_perception/landmark_msgs) by extensions ['ignore', 'ignore_ament_install']
[0.385s] Level 1:colcon.colcon_core.package_identification:_identify(src/turtlebot3_perception/landmark_msgs) by extension 'ignore'
[0.385s] Level 1:colcon.colcon_core.package_identification:_identify(src/turtlebot3_perception/landmark_msgs) by extension 'ignore_ament_install'
[0.385s] Level 1:colcon.colcon_core.package_identification:_identify(src/turtlebot3_perception/landmark_msgs) by extensions ['colcon_pkg']
[0.385s] Level 1:colcon.colcon_core.package_identification:_identify(src/turtlebot3_perception/landmark_msgs) by extension 'colcon_pkg'
[0.385s] Level 1:colcon.colcon_core.package_identification:_identify(src/turtlebot3_perception/landmark_msgs) by extensions ['colcon_meta']
[0.385s] Level 1:colcon.colcon_core.package_identification:_identify(src/turtlebot3_perception/landmark_msgs) by extension 'colcon_meta'
[0.385s] Level 1:colcon.colcon_core.package_identification:_identify(src/turtlebot3_perception/landmark_msgs) by extensions ['ros']
[0.385s] Level 1:colcon.colcon_core.package_identification:_identify(src/turtlebot3_perception/landmark_msgs) by extension 'ros'
[0.385s] DEBUG:colcon.colcon_core.package_identification:Package 'src/turtlebot3_perception/landmark_msgs' with type 'ros.ament_cmake' and name 'landmark_msgs'
[0.385s] Level 1:colcon.colcon_core.package_identification:_identify(src/turtlebot3_perception/turtlebot3_perception) by extensions ['ignore', 'ignore_ament_install']
[0.385s] Level 1:colcon.colcon_core.package_identification:_identify(src/turtlebot3_perception/turtlebot3_perception) by extension 'ignore'
[0.385s] Level 1:colcon.colcon_core.package_identification:_identify(src/turtlebot3_perception/turtlebot3_perception) by extension 'ignore_ament_install'
[0.385s] Level 1:colcon.colcon_core.package_identification:_identify(src/turtlebot3_perception/turtlebot3_perception) by extensions ['colcon_pkg']
[0.385s] Level 1:colcon.colcon_core.package_identification:_identify(src/turtlebot3_perception/turtlebot3_perception) by extension 'colcon_pkg'
[0.386s] Level 1:colcon.colcon_core.package_identification:_identify(src/turtlebot3_perception/turtlebot3_perception) by extensions ['colcon_meta']
[0.386s] Level 1:colcon.colcon_core.package_identification:_identify(src/turtlebot3_perception/turtlebot3_perception) by extension 'colcon_meta'
[0.386s] Level 1:colcon.colcon_core.package_identification:_identify(src/turtlebot3_perception/turtlebot3_perception) by extensions ['ros']
[0.386s] Level 1:colcon.colcon_core.package_identification:_identify(src/turtlebot3_perception/turtlebot3_perception) by extension 'ros'
[0.387s] DEBUG:colcon.colcon_core.package_identification:Package 'src/turtlebot3_perception/turtlebot3_perception' with type 'ros.ament_python' and name 'turtlebot3_perception'
[0.387s] Level 1:colcon.colcon_core.package_identification:_identify(src/turtlebot3_simulations) by extensions ['ignore', 'ignore_ament_install']
[0.387s] Level 1:colcon.colcon_core.package_identification:_identify(src/turtlebot3_simulations) by extension 'ignore'
[0.387s] Level 1:colcon.colcon_core.package_identification:_identify(src/turtlebot3_simulations) by extension 'ignore_ament_install'
[0.387s] Level 1:colcon.colcon_core.package_identification:_identify(src/turtlebot3_simulations) by extensions ['colcon_pkg']
[0.387s] Level 1:colcon.colcon_core.package_identification:_identify(src/turtlebot3_simulations) by extension 'colcon_pkg'
[0.387s] Level 1:colcon.colcon_core.package_identification:_identify(src/turtlebot3_simulations) by extensions ['colcon_meta']
[0.387s] Level 1:colcon.colcon_core.package_identification:_identify(src/turtlebot3_simulations) by extension 'colcon_meta'
[0.387s] Level 1:colcon.colcon_core.package_identification:_identify(src/turtlebot3_simulations) by extensions ['ros']
[0.387s] Level 1:colcon.colcon_core.package_identification:_identify(src/turtlebot3_simulations) by extension 'ros'
[0.387s] Level 1:colcon.colcon_core.package_identification:_identify(src/turtlebot3_simulations) by extensions ['cmake', 'python']
[0.387s] Level 1:colcon.colcon_core.package_identification:_identify(src/turtlebot3_simulations) by extension 'cmake'
[0.387s] Level 1:colcon.colcon_core.package_identification:_identify(src/turtlebot3_simulations) by extension 'python'
[0.387s] Level 1:colcon.colcon_core.package_identification:_identify(src/turtlebot3_simulations) by extensions ['python_setup_py']
[0.387s] Level 1:colcon.colcon_core.package_identification:_identify(src/turtlebot3_simulations) by extension 'python_setup_py'
[0.387s] Level 1:colcon.colcon_core.package_identification:_identify(src/turtlebot3_simulations/turtlebot3_fake_node) by extensions ['ignore', 'ignore_ament_install']
[0.387s] Level 1:colcon.colcon_core.package_identification:_identify(src/turtlebot3_simulations/turtlebot3_fake_node) by extension 'ignore'
[0.387s] Level 1:colcon.colcon_core.package_identification:_identify(src/turtlebot3_simulations/turtlebot3_fake_node) by extension 'ignore_ament_install'
[0.387s] Level 1:colcon.colcon_core.package_identification:_identify(src/turtlebot3_simulations/turtlebot3_fake_node) by extensions ['colcon_pkg']
[0.387s] Level 1:colcon.colcon_core.package_identification:_identify(src/turtlebot3_simulations/turtlebot3_fake_node) by extension 'colcon_pkg'
[0.387s] Level 1:colcon.colcon_core.package_identification:_identify(src/turtlebot3_simulations/turtlebot3_fake_node) by extensions ['colcon_meta']
[0.387s] Level 1:colcon.colcon_core.package_identification:_identify(src/turtlebot3_simulations/turtlebot3_fake_node) by extension 'colcon_meta'
[0.387s] Level 1:colcon.colcon_core.package_identification:_identify(src/turtlebot3_simulations/turtlebot3_fake_node) by extensions ['ros']
[0.387s] Level 1:colcon.colcon_core.package_identification:_identify(src/turtlebot3_simulations/turtlebot3_fake_node) by extension 'ros'
[0.394s] DEBUG:colcon.colcon_core.package_identification:Package 'src/turtlebot3_simulations/turtlebot3_fake_node' with type 'ros.ament_cmake' and name 'turtlebot3_fake_node'
[0.395s] Level 1:colcon.colcon_core.package_identification:_identify(src/turtlebot3_simulations/turtlebot3_gazebo) by extensions ['ignore', 'ignore_ament_install']
[0.395s] Level 1:colcon.colcon_core.package_identification:_identify(src/turtlebot3_simulations/turtlebot3_gazebo) by extension 'ignore'
[0.395s] Level 1:colcon.colcon_core.package_identification:_identify(src/turtlebot3_simulations/turtlebot3_gazebo) by extension 'ignore_ament_install'
[0.395s] Level 1:colcon.colcon_core.package_identification:_identify(src/turtlebot3_simulations/turtlebot3_gazebo) by extensions ['colcon_pkg']
[0.395s] Level 1:colcon.colcon_core.package_identification:_identify(src/turtlebot3_simulations/turtlebot3_gazebo) by extension 'colcon_pkg'
[0.395s] Level 1:colcon.colcon_core.package_identification:_identify(src/turtlebot3_simulations/turtlebot3_gazebo) by extensions ['colcon_meta']
[0.395s] Level 1:colcon.colcon_core.package_identification:_identify(src/turtlebot3_simulations/turtlebot3_gazebo) by extension 'colcon_meta'
[0.395s] Level 1:colcon.colcon_core.package_identification:_identify(src/turtlebot3_simulations/turtlebot3_gazebo) by extensions ['ros']
[0.395s] Level 1:colcon.colcon_core.package_identification:_identify(src/turtlebot3_simulations/turtlebot3_gazebo) by extension 'ros'
[0.396s] DEBUG:colcon.colcon_core.package_identification:Package 'src/turtlebot3_simulations/turtlebot3_gazebo' with type 'ros.ament_cmake' and name 'turtlebot3_gazebo'
[0.396s] Level 1:colcon.colcon_core.package_identification:_identify(src/turtlebot3_simulations/turtlebot3_ignition) by extensions ['ignore', 'ignore_ament_install']
[0.396s] Level 1:colcon.colcon_core.package_identification:_identify(src/turtlebot3_simulations/turtlebot3_ignition) by extension 'ignore'
[0.396s] Level 1:colcon.colcon_core.package_identification:_identify(src/turtlebot3_simulations/turtlebot3_ignition) ignored
[0.396s] Level 1:colcon.colcon_core.package_identification:_identify(src/turtlebot3_simulations/turtlebot3_simulations) by extensions ['ignore', 'ignore_ament_install']
[0.396s] Level 1:colcon.colcon_core.package_identification:_identify(src/turtlebot3_simulations/turtlebot3_simulations) by extension 'ignore'
[0.396s] Level 1:colcon.colcon_core.package_identification:_identify(src/turtlebot3_simulations/turtlebot3_simulations) by extension 'ignore_ament_install'
[0.396s] Level 1:colcon.colcon_core.package_identification:_identify(src/turtlebot3_simulations/turtlebot3_simulations) by extensions ['colcon_pkg']
[0.396s] Level 1:colcon.colcon_core.package_identification:_identify(src/turtlebot3_simulations/turtlebot3_simulations) by extension 'colcon_pkg'
[0.396s] Level 1:colcon.colcon_core.package_identification:_identify(src/turtlebot3_simulations/turtlebot3_simulations) by extensions ['colcon_meta']
[0.396s] Level 1:colcon.colcon_core.package_identification:_identify(src/turtlebot3_simulations/turtlebot3_simulations) by extension 'colcon_meta'
[0.396s] Level 1:colcon.colcon_core.package_identification:_identify(src/turtlebot3_simulations/turtlebot3_simulations) by extensions ['ros']
[0.396s] Level 1:colcon.colcon_core.package_identification:_identify(src/turtlebot3_simulations/turtlebot3_simulations) by extension 'ros'
[0.397s] DEBUG:colcon.colcon_core.package_identification:Package 'src/turtlebot3_simulations/turtlebot3_simulations' with type 'ros.ament_cmake' and name 'turtlebot3_simulations'
[0.397s] Level 1:colcon.colcon_core.package_discovery:discover_packages(recursive) using defaults
[0.397s] Level 1:colcon.colcon_core.package_discovery:discover_packages(ignore) discover
[0.397s] Level 1:colcon.colcon_core.package_discovery:discover_packages(ignore) using defaults
[0.397s] Level 1:colcon.colcon_core.package_discovery:discover_packages(path) discover
[0.397s] Level 1:colcon.colcon_core.package_discovery:discover_packages(path) using defaults
[0.413s] Level 1:colcon.colcon_core.package_discovery:discover_packages(prefix_path) check parameters
[0.414s] Level 1:colcon.colcon_core.package_discovery:discover_packages(prefix_path) discover
[0.414s] WARNING:colcon.colcon_ros.prefix_path.ament:The path '/home/ema/SESAR/ros2_ws/install/turtlebot3_simulations' in the environment variable AMENT_PREFIX_PATH doesn't exist
[0.414s] WARNING:colcon.colcon_ros.prefix_path.ament:The path '/home/ema/SESAR/ros2_ws/install/turtlebot3_perception' in the environment variable AMENT_PREFIX_PATH doesn't exist
[0.414s] WARNING:colcon.colcon_ros.prefix_path.ament:The path '/home/ema/SESAR/ros2_ws/install/turtlebot3_gazebo' in the environment variable AMENT_PREFIX_PATH doesn't exist
[0.414s] WARNING:colcon.colcon_ros.prefix_path.ament:The path '/home/ema/SESAR/ros2_ws/install/turtlebot3_fake_node' in the environment variable AMENT_PREFIX_PATH doesn't exist
[0.414s] WARNING:colcon.colcon_ros.prefix_path.ament:The path '/home/ema/SESAR/ros2_ws/install/my_package' in the environment variable AMENT_PREFIX_PATH doesn't exist
[0.415s] WARNING:colcon.colcon_ros.prefix_path.ament:The path '/home/ema/SESAR/ros2_ws/install/lab04_pkg' in the environment variable AMENT_PREFIX_PATH doesn't exist
[0.415s] WARNING:colcon.colcon_ros.prefix_path.ament:The path '/home/ema/SESAR/ros2_ws/install/landmark_msgs' in the environment variable AMENT_PREFIX_PATH doesn't exist
[0.415s] WARNING:colcon.colcon_ros.prefix_path.ament:The path '/home/ema/SESAR/ros2_ws/install/lab03_pkg' in the environment variable AMENT_PREFIX_PATH doesn't exist
[0.415s] WARNING:colcon.colcon_ros.prefix_path.ament:The path '/home/ema/SESAR/ros2_ws/install/lab02_pkg' in the environment variable AMENT_PREFIX_PATH doesn't exist
[0.415s] WARNING:colcon.colcon_ros.prefix_path.ament:The path '/home/ema/SESAR/ros2_ws/install/lab01_pkg' in the environment variable AMENT_PREFIX_PATH doesn't exist
[0.415s] WARNING:colcon.colcon_ros.prefix_path.catkin:The path '/home/ema/SESAR/ros2_ws/install/turtlebot3_simulations' in the environment variable CMAKE_PREFIX_PATH doesn't exist
[0.415s] WARNING:colcon.colcon_ros.prefix_path.catkin:The path '/home/ema/SESAR/ros2_ws/install/turtlebot3_gazebo' in the environment variable CMAKE_PREFIX_PATH doesn't exist
[0.415s] WARNING:colcon.colcon_ros.prefix_path.catkin:The path '/home/ema/SESAR/ros2_ws/install/turtlebot3_fake_node' in the environment variable CMAKE_PREFIX_PATH doesn't exist
[0.415s] WARNING:colcon.colcon_ros.prefix_path.catkin:The path '/home/ema/SESAR/ros2_ws/install/landmark_msgs' in the environment variable CMAKE_PREFIX_PATH doesn't exist
[0.415s] DEBUG:colcon.colcon_installed_package_information.package_discovery:Found 0 installed packages in /home/ema/SESAR/ros2_ws/install
[0.416s] DEBUG:colcon.colcon_installed_package_information.package_discovery:Found 382 installed packages in /opt/ros/humble
[0.418s] Level 1:colcon.colcon_core.package_discovery:discover_packages(prefix_path) using defaults
[0.450s] Level 5:colcon.colcon_core.verb:set package 'lab01_pkg' build argument 'cmake_args' from command line to 'None'
[0.450s] Level 5:colcon.colcon_core.verb:set package 'lab01_pkg' build argument 'cmake_target' from command line to 'None'
[0.450s] Level 5:colcon.colcon_core.verb:set package 'lab01_pkg' build argument 'cmake_target_skip_unavailable' from command line to 'False'
[0.450s] Level 5:colcon.colcon_core.verb:set package 'lab01_pkg' build argument 'cmake_clean_cache' from command line to 'False'
[0.450s] Level 5:colcon.colcon_core.verb:set package 'lab01_pkg' build argument 'cmake_clean_first' from command line to 'False'
[0.450s] Level 5:colcon.colcon_core.verb:set package 'lab01_pkg' build argument 'cmake_force_configure' from command line to 'False'
[0.450s] Level 5:colcon.colcon_core.verb:set package 'lab01_pkg' build argument 'ament_cmake_args' from command line to 'None'
[0.450s] Level 5:colcon.colcon_core.verb:set package 'lab01_pkg' build argument 'catkin_cmake_args' from command line to 'None'
[0.450s] Level 5:colcon.colcon_core.verb:set package 'lab01_pkg' build argument 'catkin_skip_building_tests' from command line to 'False'
[0.450s] DEBUG:colcon.colcon_core.verb:Building package 'lab01_pkg' with the following arguments: {'ament_cmake_args': None, 'build_base': '/home/ema/SESAR/ros2_ws/build/lab01_pkg', 'catkin_cmake_args': None, 'catkin_skip_building_tests': False, 'cmake_args': None, 'cmake_clean_cache': False, 'cmake_clean_first': False, 'cmake_force_configure': False, 'cmake_target': None, 'cmake_target_skip_unavailable': False, 'install_base': '/home/ema/SESAR/ros2_ws/install/lab01_pkg', 'merge_install': False, 'path': '/home/ema/SESAR/ros2_ws/src/lab01_pkg', 'symlink_install': False, 'test_result_base': None}
[0.451s] Level 5:colcon.colcon_core.verb:set package 'lab02_pkg' build argument 'cmake_args' from command line to 'None'
[0.451s] Level 5:colcon.colcon_core.verb:set package 'lab02_pkg' build argument 'cmake_target' from command line to 'None'
[0.451s] Level 5:colcon.colcon_core.verb:set package 'lab02_pkg' build argument 'cmake_target_skip_unavailable' from command line to 'False'
[0.451s] Level 5:colcon.colcon_core.verb:set package 'lab02_pkg' build argument 'cmake_clean_cache' from command line to 'False'
[0.451s] Level 5:colcon.colcon_core.verb:set package 'lab02_pkg' build argument 'cmake_clean_first' from command line to 'False'
[0.451s] Level 5:colcon.colcon_core.verb:set package 'lab02_pkg' build argument 'cmake_force_configure' from command line to 'False'
[0.451s] Level 5:colcon.colcon_core.verb:set package 'lab02_pkg' build argument 'ament_cmake_args' from command line to 'None'
[0.451s] Level 5:colcon.colcon_core.verb:set package 'lab02_pkg' build argument 'catkin_cmake_args' from command line to 'None'
[0.451s] Level 5:colcon.colcon_core.verb:set package 'lab02_pkg' build argument 'catkin_skip_building_tests' from command line to 'False'
[0.451s] DEBUG:colcon.colcon_core.verb:Building package 'lab02_pkg' with the following arguments: {'ament_cmake_args': None, 'build_base': '/home/ema/SESAR/ros2_ws/build/lab02_pkg', 'catkin_cmake_args': None, 'catkin_skip_building_tests': False, 'cmake_args': None, 'cmake_clean_cache': False, 'cmake_clean_first': False, 'cmake_force_configure': False, 'cmake_target': None, 'cmake_target_skip_unavailable': False, 'install_base': '/home/ema/SESAR/ros2_ws/install/lab02_pkg', 'merge_install': False, 'path': '/home/ema/SESAR/ros2_ws/src/lab02_pkg', 'symlink_install': False, 'test_result_base': None}
[0.451s] Level 5:colcon.colcon_core.verb:set package 'lab03_pkg' build argument 'cmake_args' from command line to 'None'
[0.451s] Level 5:colcon.colcon_core.verb:set package 'lab03_pkg' build argument 'cmake_target' from command line to 'None'
[0.451s] Level 5:colcon.colcon_core.verb:set package 'lab03_pkg' build argument 'cmake_target_skip_unavailable' from command line to 'False'
[0.451s] Level 5:colcon.colcon_core.verb:set package 'lab03_pkg' build argument 'cmake_clean_cache' from command line to 'False'
[0.451s] Level 5:colcon.colcon_core.verb:set package 'lab03_pkg' build argument 'cmake_clean_first' from command line to 'False'
[0.451s] Level 5:colcon.colcon_core.verb:set package 'lab03_pkg' build argument 'cmake_force_configure' from command line to 'False'
[0.451s] Level 5:colcon.colcon_core.verb:set package 'lab03_pkg' build argument 'ament_cmake_args' from command line to 'None'
[0.451s] Level 5:colcon.colcon_core.verb:set package 'lab03_pkg' build argument 'catkin_cmake_args' from command line to 'None'
[0.451s] Level 5:colcon.colcon_core.verb:set package 'lab03_pkg' build argument 'catkin_skip_building_tests' from command line to 'False'
[0.451s] DEBUG:colcon.colcon_core.verb:Building package 'lab03_pkg' with the following arguments: {'ament_cmake_args': None, 'build_base': '/home/ema/SESAR/ros2_ws/build/lab03_pkg', 'catkin_cmake_args': None, 'catkin_skip_building_tests': False, 'cmake_args': None, 'cmake_clean_cache': False, 'cmake_clean_first': False, 'cmake_force_configure': False, 'cmake_target': None, 'cmake_target_skip_unavailable': False, 'install_base': '/home/ema/SESAR/ros2_ws/install/lab03_pkg', 'merge_install': False, 'path': '/home/ema/SESAR/ros2_ws/src/lab03_pkg', 'symlink_install': False, 'test_result_base': None}
[0.452s] Level 5:colcon.colcon_core.verb:set package 'landmark_msgs' build argument 'cmake_args' from command line to 'None'
[0.452s] Level 5:colcon.colcon_core.verb:set package 'landmark_msgs' build argument 'cmake_target' from command line to 'None'
[0.452s] Level 5:colcon.colcon_core.verb:set package 'landmark_msgs' build argument 'cmake_target_skip_unavailable' from command line to 'False'
[0.452s] Level 5:colcon.colcon_core.verb:set package 'landmark_msgs' build argument 'cmake_clean_cache' from command line to 'False'
[0.452s] Level 5:colcon.colcon_core.verb:set package 'landmark_msgs' build argument 'cmake_clean_first' from command line to 'False'
[0.452s] Level 5:colcon.colcon_core.verb:set package 'landmark_msgs' build argument 'cmake_force_configure' from command line to 'False'
[0.452s] Level 5:colcon.colcon_core.verb:set package 'landmark_msgs' build argument 'ament_cmake_args' from command line to 'None'
[0.452s] Level 5:colcon.colcon_core.verb:set package 'landmark_msgs' build argument 'catkin_cmake_args' from command line to 'None'
[0.452s] Level 5:colcon.colcon_core.verb:set package 'landmark_msgs' build argument 'catkin_skip_building_tests' from command line to 'False'
[0.452s] DEBUG:colcon.colcon_core.verb:Building package 'landmark_msgs' with the following arguments: {'ament_cmake_args': None, 'build_base': '/home/ema/SESAR/ros2_ws/build/landmark_msgs', 'catkin_cmake_args': None, 'catkin_skip_building_tests': False, 'cmake_args': None, 'cmake_clean_cache': False, 'cmake_clean_first': False, 'cmake_force_configure': False, 'cmake_target': None, 'cmake_target_skip_unavailable': False, 'install_base': '/home/ema/SESAR/ros2_ws/install/landmark_msgs', 'merge_install': False, 'path': '/home/ema/SESAR/ros2_ws/src/turtlebot3_perception/landmark_msgs', 'symlink_install': False, 'test_result_base': None}
[0.452s] Level 5:colcon.colcon_core.verb:set package 'my_package' build argument 'cmake_args' from command line to 'None'
[0.452s] Level 5:colcon.colcon_core.verb:set package 'my_package' build argument 'cmake_target' from command line to 'None'
[0.452s] Level 5:colcon.colcon_core.verb:set package 'my_package' build argument 'cmake_target_skip_unavailable' from command line to 'False'
[0.452s] Level 5:colcon.colcon_core.verb:set package 'my_package' build argument 'cmake_clean_cache' from command line to 'False'
[0.452s] Level 5:colcon.colcon_core.verb:set package 'my_package' build argument 'cmake_clean_first' from command line to 'False'
[0.452s] Level 5:colcon.colcon_core.verb:set package 'my_package' build argument 'cmake_force_configure' from command line to 'False'
[0.452s] Level 5:colcon.colcon_core.verb:set package 'my_package' build argument 'ament_cmake_args' from command line to 'None'
[0.452s] Level 5:colcon.colcon_core.verb:set package 'my_package' build argument 'catkin_cmake_args' from command line to 'None'
[0.452s] Level 5:colcon.colcon_core.verb:set package 'my_package' build argument 'catkin_skip_building_tests' from command line to 'False'
[0.452s] DEBUG:colcon.colcon_core.verb:Building package 'my_package' with the following arguments: {'ament_cmake_args': None, 'build_base': '/home/ema/SESAR/ros2_ws/build/my_package', 'catkin_cmake_args': None, 'catkin_skip_building_tests': False, 'cmake_args': None, 'cmake_clean_cache': False, 'cmake_clean_first': False, 'cmake_force_configure': False, 'cmake_target': None, 'cmake_target_skip_unavailable': False, 'install_base': '/home/ema/SESAR/ros2_ws/install/my_package', 'merge_install': False, 'path': '/home/ema/SESAR/ros2_ws/src/my_package', 'symlink_install': False, 'test_result_base': None}
[0.452s] Level 5:colcon.colcon_core.verb:set package 'turtlebot3_fake_node' build argument 'cmake_args' from command line to 'None'
[0.452s] Level 5:colcon.colcon_core.verb:set package 'turtlebot3_fake_node' build argument 'cmake_target' from command line to 'None'
[0.452s] Level 5:colcon.colcon_core.verb:set package 'turtlebot3_fake_node' build argument 'cmake_target_skip_unavailable' from command line to 'False'
[0.453s] Level 5:colcon.colcon_core.verb:set package 'turtlebot3_fake_node' build argument 'cmake_clean_cache' from command line to 'False'
[0.453s] Level 5:colcon.colcon_core.verb:set package 'turtlebot3_fake_node' build argument 'cmake_clean_first' from command line to 'False'
[0.453s] Level 5:colcon.colcon_core.verb:set package 'turtlebot3_fake_node' build argument 'cmake_force_configure' from command line to 'False'
[0.453s] Level 5:colcon.colcon_core.verb:set package 'turtlebot3_fake_node' build argument 'ament_cmake_args' from command line to 'None'
[0.453s] Level 5:colcon.colcon_core.verb:set package 'turtlebot3_fake_node' build argument 'catkin_cmake_args' from command line to 'None'
[0.453s] Level 5:colcon.colcon_core.verb:set package 'turtlebot3_fake_node' build argument 'catkin_skip_building_tests' from command line to 'False'
[0.453s] DEBUG:colcon.colcon_core.verb:Building package 'turtlebot3_fake_node' with the following arguments: {'ament_cmake_args': None, 'build_base': '/home/ema/SESAR/ros2_ws/build/turtlebot3_fake_node', 'catkin_cmake_args': None, 'catkin_skip_building_tests': False, 'cmake_args': None, 'cmake_clean_cache': False, 'cmake_clean_first': False, 'cmake_force_configure': False, 'cmake_target': None, 'cmake_target_skip_unavailable': False, 'install_base': '/home/ema/SESAR/ros2_ws/install/turtlebot3_fake_node', 'merge_install': False, 'path': '/home/ema/SESAR/ros2_ws/src/turtlebot3_simulations/turtlebot3_fake_node', 'symlink_install': False, 'test_result_base': None}
[0.453s] Level 5:colcon.colcon_core.verb:set package 'turtlebot3_gazebo' build argument 'cmake_args' from command line to 'None'
[0.453s] Level 5:colcon.colcon_core.verb:set package 'turtlebot3_gazebo' build argument 'cmake_target' from command line to 'None'
[0.453s] Level 5:colcon.colcon_core.verb:set package 'turtlebot3_gazebo' build argument 'cmake_target_skip_unavailable' from command line to 'False'
[0.453s] Level 5:colcon.colcon_core.verb:set package 'turtlebot3_gazebo' build argument 'cmake_clean_cache' from command line to 'False'
[0.453s] Level 5:colcon.colcon_core.verb:set package 'turtlebot3_gazebo' build argument 'cmake_clean_first' from command line to 'False'
[0.453s] Level 5:colcon.colcon_core.verb:set package 'turtlebot3_gazebo' build argument 'cmake_force_configure' from command line to 'False'
[0.453s] Level 5:colcon.colcon_core.verb:set package 'turtlebot3_gazebo' build argument 'ament_cmake_args' from command line to 'None'
[0.453s] Level 5:colcon.colcon_core.verb:set package 'turtlebot3_gazebo' build argument 'catkin_cmake_args' from command line to 'None'
[0.453s] Level 5:colcon.colcon_core.verb:set package 'turtlebot3_gazebo' build argument 'catkin_skip_building_tests' from command line to 'False'
[0.453s] DEBUG:colcon.colcon_core.verb:Building package 'turtlebot3_gazebo' with the following arguments: {'ament_cmake_args': None, 'build_base': '/home/ema/SESAR/ros2_ws/build/turtlebot3_gazebo', 'catkin_cmake_args': None, 'catkin_skip_building_tests': False, 'cmake_args': None, 'cmake_clean_cache': False, 'cmake_clean_first': False, 'cmake_force_configure': False, 'cmake_target': None, 'cmake_target_skip_unavailable': False, 'install_base': '/home/ema/SESAR/ros2_ws/install/turtlebot3_gazebo', 'merge_install': False, 'path': '/home/ema/SESAR/ros2_ws/src/turtlebot3_simulations/turtlebot3_gazebo', 'symlink_install': False, 'test_result_base': None}
[0.453s] Level 5:colcon.colcon_core.verb:set package 'lab04_pkg' build argument 'cmake_args' from command line to 'None'
[0.453s] Level 5:colcon.colcon_core.verb:set package 'lab04_pkg' build argument 'cmake_target' from command line to 'None'
[0.453s] Level 5:colcon.colcon_core.verb:set package 'lab04_pkg' build argument 'cmake_target_skip_unavailable' from command line to 'False'
[0.453s] Level 5:colcon.colcon_core.verb:set package 'lab04_pkg' build argument 'cmake_clean_cache' from command line to 'False'
[0.453s] Level 5:colcon.colcon_core.verb:set package 'lab04_pkg' build argument 'cmake_clean_first' from command line to 'False'
[0.453s] Level 5:colcon.colcon_core.verb:set package 'lab04_pkg' build argument 'cmake_force_configure' from command line to 'False'
[0.454s] Level 5:colcon.colcon_core.verb:set package 'lab04_pkg' build argument 'ament_cmake_args' from command line to 'None'
[0.454s] Level 5:colcon.colcon_core.verb:set package 'lab04_pkg' build argument 'catkin_cmake_args' from command line to 'None'
[0.454s] Level 5:colcon.colcon_core.verb:set package 'lab04_pkg' build argument 'catkin_skip_building_tests' from command line to 'False'
[0.454s] DEBUG:colcon.colcon_core.verb:Building package 'lab04_pkg' with the following arguments: {'ament_cmake_args': None, 'build_base': '/home/ema/SESAR/ros2_ws/build/lab04_pkg', 'catkin_cmake_args': None, 'catkin_skip_building_tests': False, 'cmake_args': None, 'cmake_clean_cache': False, 'cmake_clean_first': False, 'cmake_force_configure': False, 'cmake_target': None, 'cmake_target_skip_unavailable': False, 'install_base': '/home/ema/SESAR/ros2_ws/install/lab04_pkg', 'merge_install': False, 'path': '/home/ema/SESAR/ros2_ws/src/lab04_pkg', 'symlink_install': False, 'test_result_base': None}
[0.454s] Level 5:colcon.colcon_core.verb:set package 'turtlebot3_perception' build argument 'cmake_args' from command line to 'None'
[0.454s] Level 5:colcon.colcon_core.verb:set package 'turtlebot3_perception' build argument 'cmake_target' from command line to 'None'
[0.454s] Level 5:colcon.colcon_core.verb:set package 'turtlebot3_perception' build argument 'cmake_target_skip_unavailable' from command line to 'False'
[0.454s] Level 5:colcon.colcon_core.verb:set package 'turtlebot3_perception' build argument 'cmake_clean_cache' from command line to 'False'
[0.454s] Level 5:colcon.colcon_core.verb:set package 'turtlebot3_perception' build argument 'cmake_clean_first' from command line to 'False'
[0.454s] Level 5:colcon.colcon_core.verb:set package 'turtlebot3_perception' build argument 'cmake_force_configure' from command line to 'False'
[0.454s] Level 5:colcon.colcon_core.verb:set package 'turtlebot3_perception' build argument 'ament_cmake_args' from command line to 'None'
[0.454s] Level 5:colcon.colcon_core.verb:set package 'turtlebot3_perception' build argument 'catkin_cmake_args' from command line to 'None'
[0.454s] Level 5:colcon.colcon_core.verb:set package 'turtlebot3_perception' build argument 'catkin_skip_building_tests' from command line to 'False'
[0.454s] DEBUG:colcon.colcon_core.verb:Building package 'turtlebot3_perception' with the following arguments: {'ament_cmake_args': None, 'build_base': '/home/ema/SESAR/ros2_ws/build/turtlebot3_perception', 'catkin_cmake_args': None, 'catkin_skip_building_tests': False, 'cmake_args': None, 'cmake_clean_cache': False, 'cmake_clean_first': False, 'cmake_force_configure': False, 'cmake_target': None, 'cmake_target_skip_unavailable': False, 'install_base': '/home/ema/SESAR/ros2_ws/install/turtlebot3_perception', 'merge_install': False, 'path': '/home/ema/SESAR/ros2_ws/src/turtlebot3_perception/turtlebot3_perception', 'symlink_install': False, 'test_result_base': None}
[0.454s] Level 5:colcon.colcon_core.verb:set package 'turtlebot3_simulations' build argument 'cmake_args' from command line to 'None'
[0.454s] Level 5:colcon.colcon_core.verb:set package 'turtlebot3_simulations' build argument 'cmake_target' from command line to 'None'
[0.454s] Level 5:colcon.colcon_core.verb:set package 'turtlebot3_simulations' build argument 'cmake_target_skip_unavailable' from command line to 'False'
[0.454s] Level 5:colcon.colcon_core.verb:set package 'turtlebot3_simulations' build argument 'cmake_clean_cache' from command line to 'False'
[0.454s] Level 5:colcon.colcon_core.verb:set package 'turtlebot3_simulations' build argument 'cmake_clean_first' from command line to 'False'
[0.454s] Level 5:colcon.colcon_core.verb:set package 'turtlebot3_simulations' build argument 'cmake_force_configure' from command line to 'False'
[0.454s] Level 5:colcon.colcon_core.verb:set package 'turtlebot3_simulations' build argument 'ament_cmake_args' from command line to 'None'
[0.454s] Level 5:colcon.colcon_core.verb:set package 'turtlebot3_simulations' build argument 'catkin_cmake_args' from command line to 'None'
[0.454s] Level 5:colcon.colcon_core.verb:set package 'turtlebot3_simulations' build argument 'catkin_skip_building_tests' from command line to 'False'
[0.454s] DEBUG:colcon.colcon_core.verb:Building package 'turtlebot3_simulations' with the following arguments: {'ament_cmake_args': None, 'build_base': '/home/ema/SESAR/ros2_ws/build/turtlebot3_simulations', 'catkin_cmake_args': None, 'catkin_skip_building_tests': False, 'cmake_args': None, 'cmake_clean_cache': False, 'cmake_clean_first': False, 'cmake_force_configure': False, 'cmake_target': None, 'cmake_target_skip_unavailable': False, 'install_base': '/home/ema/SESAR/ros2_ws/install/turtlebot3_simulations', 'merge_install': False, 'path': '/home/ema/SESAR/ros2_ws/src/turtlebot3_simulations/turtlebot3_simulations', 'symlink_install': False, 'test_result_base': None}
[0.454s] INFO:colcon.colcon_core.executor:Executing jobs using 'parallel' executor
[0.455s] DEBUG:colcon.colcon_parallel_executor.executor.parallel:run_until_complete
[0.456s] INFO:colcon.colcon_ros.task.ament_cmake.build:Building ROS package in '/home/ema/SESAR/ros2_ws/src/turtlebot3_perception/landmark_msgs' with build type 'ament_cmake'
[0.456s] INFO:colcon.colcon_cmake.task.cmake.build:Building CMake package in '/home/ema/SESAR/ros2_ws/src/turtlebot3_perception/landmark_msgs'
[0.458s] INFO:colcon.colcon_core.plugin_system:Skipping extension 'colcon_core.shell.bat': Not used on non-Windows systems
[0.458s] INFO:colcon.colcon_core.shell:Skip shell extension 'powershell' for command environment: Not usable outside of PowerShell
[0.458s] DEBUG:colcon.colcon_core.shell:Skip shell extension 'dsv' for command environment
[0.461s] INFO:colcon.colcon_ros.task.ament_cmake.build:Building ROS package in '/home/ema/SESAR/ros2_ws/src/turtlebot3_simulations/turtlebot3_fake_node' with build type 'ament_cmake'
[0.461s] INFO:colcon.colcon_cmake.task.cmake.build:Building CMake package in '/home/ema/SESAR/ros2_ws/src/turtlebot3_simulations/turtlebot3_fake_node'
[0.461s] INFO:colcon.colcon_core.shell:Skip shell extension 'powershell' for command environment: Not usable outside of PowerShell
[0.461s] DEBUG:colcon.colcon_core.shell:Skip shell extension 'dsv' for command environment
[0.464s] INFO:colcon.colcon_ros.task.ament_python.build:Building ROS package in '/home/ema/SESAR/ros2_ws/src/lab01_pkg' with build type 'ament_python'
[0.465s] Level 1:colcon.colcon_core.shell:create_environment_hook('lab01_pkg', 'ament_prefix_path')
[0.465s] INFO:colcon.colcon_core.shell:Creating environment hook '/home/ema/SESAR/ros2_ws/install/lab01_pkg/share/lab01_pkg/hook/ament_prefix_path.ps1'
[0.466s] INFO:colcon.colcon_core.shell:Creating environment descriptor '/home/ema/SESAR/ros2_ws/install/lab01_pkg/share/lab01_pkg/hook/ament_prefix_path.dsv'
[0.466s] INFO:colcon.colcon_core.shell:Creating environment hook '/home/ema/SESAR/ros2_ws/install/lab01_pkg/share/lab01_pkg/hook/ament_prefix_path.sh'
[0.467s] INFO:colcon.colcon_core.shell:Skip shell extension 'powershell' for command environment: Not usable outside of PowerShell
[0.467s] DEBUG:colcon.colcon_core.shell:Skip shell extension 'dsv' for command environment
[0.470s] INFO:colcon.colcon_ros.task.ament_python.build:Building ROS package in '/home/ema/SESAR/ros2_ws/src/lab02_pkg' with build type 'ament_python'
[0.470s] Level 1:colcon.colcon_core.shell:create_environment_hook('lab02_pkg', 'ament_prefix_path')
[0.470s] INFO:colcon.colcon_core.shell:Creating environment hook '/home/ema/SESAR/ros2_ws/install/lab02_pkg/share/lab02_pkg/hook/ament_prefix_path.ps1'
[0.471s] INFO:colcon.colcon_core.shell:Creating environment descriptor '/home/ema/SESAR/ros2_ws/install/lab02_pkg/share/lab02_pkg/hook/ament_prefix_path.dsv'
[0.472s] INFO:colcon.colcon_core.shell:Creating environment hook '/home/ema/SESAR/ros2_ws/install/lab02_pkg/share/lab02_pkg/hook/ament_prefix_path.sh'
[0.472s] INFO:colcon.colcon_core.shell:Skip shell extension 'powershell' for command environment: Not usable outside of PowerShell
[0.472s] DEBUG:colcon.colcon_core.shell:Skip shell extension 'dsv' for command environment
[0.475s] INFO:colcon.colcon_ros.task.ament_python.build:Building ROS package in '/home/ema/SESAR/ros2_ws/src/lab03_pkg' with build type 'ament_python'
[0.475s] Level 1:colcon.colcon_core.shell:create_environment_hook('lab03_pkg', 'ament_prefix_path')
[0.476s] INFO:colcon.colcon_core.shell:Creating environment hook '/home/ema/SESAR/ros2_ws/install/lab03_pkg/share/lab03_pkg/hook/ament_prefix_path.ps1'
[0.477s] INFO:colcon.colcon_core.shell:Creating environment descriptor '/home/ema/SESAR/ros2_ws/install/lab03_pkg/share/lab03_pkg/hook/ament_prefix_path.dsv'
[0.478s] INFO:colcon.colcon_core.shell:Creating environment hook '/home/ema/SESAR/ros2_ws/install/lab03_pkg/share/lab03_pkg/hook/ament_prefix_path.sh'
[0.478s] INFO:colcon.colcon_core.shell:Skip shell extension 'powershell' for command environment: Not usable outside of PowerShell
[0.478s] DEBUG:colcon.colcon_core.shell:Skip shell extension 'dsv' for command environment
[0.481s] INFO:colcon.colcon_ros.task.ament_python.build:Building ROS package in '/home/ema/SESAR/ros2_ws/src/my_package' with build type 'ament_python'
[0.481s] Level 1:colcon.colcon_core.shell:create_environment_hook('my_package', 'ament_prefix_path')
[0.482s] INFO:colcon.colcon_core.shell:Creating environment hook '/home/ema/SESAR/ros2_ws/install/my_package/share/my_package/hook/ament_prefix_path.ps1'
[0.483s] INFO:colcon.colcon_core.shell:Creating environment descriptor '/home/ema/SESAR/ros2_ws/install/my_package/share/my_package/hook/ament_prefix_path.dsv'
[0.483s] INFO:colcon.colcon_core.shell:Creating environment hook '/home/ema/SESAR/ros2_ws/install/my_package/share/my_package/hook/ament_prefix_path.sh'
[0.484s] INFO:colcon.colcon_core.shell:Skip shell extension 'powershell' for command environment: Not usable outside of PowerShell
[0.484s] DEBUG:colcon.colcon_core.shell:Skip shell extension 'dsv' for command environment
[0.487s] INFO:colcon.colcon_ros.task.ament_cmake.build:Building ROS package in '/home/ema/SESAR/ros2_ws/src/turtlebot3_simulations/turtlebot3_gazebo' with build type 'ament_cmake'
[0.487s] INFO:colcon.colcon_cmake.task.cmake.build:Building CMake package in '/home/ema/SESAR/ros2_ws/src/turtlebot3_simulations/turtlebot3_gazebo'
[0.487s] INFO:colcon.colcon_core.shell:Skip shell extension 'powershell' for command environment: Not usable outside of PowerShell
[0.487s] DEBUG:colcon.colcon_core.shell:Skip shell extension 'dsv' for command environment
[0.497s] DEBUG:colcon.colcon_core.event_handler.log_command:Invoking command in '/home/ema/SESAR/ros2_ws/build/landmark_msgs': CMAKE_PREFIX_PATH=${CMAKE_PREFIX_PATH}:/home/ema/SESAR/ros2_ws/install/turtlebot3_perception:/home/ema/SESAR/ros2_ws/install/my_package:/home/ema/SESAR/ros2_ws/install/lab04_pkg:/home/ema/SESAR/ros2_ws/install/lab03_pkg:/home/ema/SESAR/ros2_ws/install/lab02_pkg:/home/ema/SESAR/ros2_ws/install/lab01_pkg:/opt/ros/humble /usr/bin/cmake /home/ema/SESAR/ros2_ws/src/turtlebot3_perception/landmark_msgs -DCMAKE_INSTALL_PREFIX=/home/ema/SESAR/ros2_ws/install/landmark_msgs
[0.500s] DEBUG:colcon.colcon_core.event_handler.log_command:Invoking command in '/home/ema/SESAR/ros2_ws/build/turtlebot3_fake_node': CMAKE_PREFIX_PATH=${CMAKE_PREFIX_PATH}:/home/ema/SESAR/ros2_ws/install/turtlebot3_perception:/home/ema/SESAR/ros2_ws/install/my_package:/home/ema/SESAR/ros2_ws/install/lab04_pkg:/home/ema/SESAR/ros2_ws/install/lab03_pkg:/home/ema/SESAR/ros2_ws/install/lab02_pkg:/home/ema/SESAR/ros2_ws/install/lab01_pkg:/opt/ros/humble /usr/bin/cmake /home/ema/SESAR/ros2_ws/src/turtlebot3_simulations/turtlebot3_fake_node -DCMAKE_INSTALL_PREFIX=/home/ema/SESAR/ros2_ws/install/turtlebot3_fake_node
[0.703s] INFO:colcon.colcon_core.task.python.build:Building Python package in '/home/ema/SESAR/ros2_ws/src/lab01_pkg'
[0.704s] INFO:colcon.colcon_core.shell:Skip shell extension 'powershell' for command environment: Not usable outside of PowerShell
[0.704s] DEBUG:colcon.colcon_core.shell:Skip shell extension 'dsv' for command environment
[0.899s] INFO:colcon.colcon_core.task.python.build:Building Python package in '/home/ema/SESAR/ros2_ws/src/lab02_pkg'
[0.900s] INFO:colcon.colcon_core.shell:Skip shell extension 'powershell' for command environment: Not usable outside of PowerShell
[0.900s] DEBUG:colcon.colcon_core.shell:Skip shell extension 'dsv' for command environment
[1.095s] INFO:colcon.colcon_core.task.python.build:Building Python package in '/home/ema/SESAR/ros2_ws/src/lab03_pkg'
[1.095s] INFO:colcon.colcon_core.shell:Skip shell extension 'powershell' for command environment: Not usable outside of PowerShell
[1.095s] DEBUG:colcon.colcon_core.shell:Skip shell extension 'dsv' for command environment
[1.294s] INFO:colcon.colcon_core.task.python.build:Building Python package in '/home/ema/SESAR/ros2_ws/src/my_package'
[1.294s] INFO:colcon.colcon_core.shell:Skip shell extension 'powershell' for command environment: Not usable outside of PowerShell
[1.294s] DEBUG:colcon.colcon_core.shell:Skip shell extension 'dsv' for command environment
[1.304s] DEBUG:colcon.colcon_core.event_handler.log_command:Invoking command in '/home/ema/SESAR/ros2_ws/build/turtlebot3_gazebo': CMAKE_PREFIX_PATH=${CMAKE_PREFIX_PATH}:/home/ema/SESAR/ros2_ws/install/turtlebot3_perception:/home/ema/SESAR/ros2_ws/install/my_package:/home/ema/SESAR/ros2_ws/install/lab04_pkg:/home/ema/SESAR/ros2_ws/install/lab03_pkg:/home/ema/SESAR/ros2_ws/install/lab02_pkg:/home/ema/SESAR/ros2_ws/install/lab01_pkg:/opt/ros/humble /usr/bin/cmake /home/ema/SESAR/ros2_ws/src/turtlebot3_simulations/turtlebot3_gazebo -DCMAKE_INSTALL_PREFIX=/home/ema/SESAR/ros2_ws/install/turtlebot3_gazebo
[1.669s] DEBUG:colcon.colcon_core.event_handler.log_command:Invoking command in '/home/ema/SESAR/ros2_ws/src/lab03_pkg': PYTHONPATH=/home/ema/SESAR/ros2_ws/build/lab03_pkg/prefix_override:/usr/lib/python3/dist-packages/colcon_core/task/python/colcon_distutils_commands:/home/ema/SESAR/ros2_ws/install/lab03_pkg/lib/python3.10/site-packages:${PYTHONPATH} /usr/bin/python3 -W ignore:setup.py install is deprecated -W ignore:easy_install command is deprecated setup.py egg_info --egg-base ../../build/lab03_pkg build --build-base /home/ema/SESAR/ros2_ws/build/lab03_pkg/build install --record /home/ema/SESAR/ros2_ws/build/lab03_pkg/install.log --single-version-externally-managed install_data
[1.672s] DEBUG:colcon.colcon_core.event_handler.log_command:Invoking command in '/home/ema/SESAR/ros2_ws/src/lab01_pkg': PYTHONPATH=/home/ema/SESAR/ros2_ws/build/lab01_pkg/prefix_override:/usr/lib/python3/dist-packages/colcon_core/task/python/colcon_distutils_commands:/home/ema/SESAR/ros2_ws/install/lab01_pkg/lib/python3.10/site-packages:${PYTHONPATH} /usr/bin/python3 -W ignore:setup.py install is deprecated -W ignore:easy_install command is deprecated setup.py egg_info --egg-base ../../build/lab01_pkg build --build-base /home/ema/SESAR/ros2_ws/build/lab01_pkg/build install --record /home/ema/SESAR/ros2_ws/build/lab01_pkg/install.log --single-version-externally-managed install_data
[1.676s] DEBUG:colcon.colcon_core.event_handler.log_command:Invoking command in '/home/ema/SESAR/ros2_ws/src/lab02_pkg': PYTHONPATH=/home/ema/SESAR/ros2_ws/build/lab02_pkg/prefix_override:/usr/lib/python3/dist-packages/colcon_core/task/python/colcon_distutils_commands:/home/ema/SESAR/ros2_ws/install/lab02_pkg/lib/python3.10/site-packages:${PYTHONPATH} /usr/bin/python3 -W ignore:setup.py install is deprecated -W ignore:easy_install command is deprecated setup.py egg_info --egg-base ../../build/lab02_pkg build --build-base /home/ema/SESAR/ros2_ws/build/lab02_pkg/build install --record /home/ema/SESAR/ros2_ws/build/lab02_pkg/install.log --single-version-externally-managed install_data
[1.678s] DEBUG:colcon.colcon_core.event_handler.log_command:Invoking command in '/home/ema/SESAR/ros2_ws/src/my_package': PYTHONPATH=/home/ema/SESAR/ros2_ws/build/my_package/prefix_override:/usr/lib/python3/dist-packages/colcon_core/task/python/colcon_distutils_commands:/home/ema/SESAR/ros2_ws/install/my_package/lib/python3.10/site-packages:${PYTHONPATH} /usr/bin/python3 -W ignore:setup.py install is deprecated -W ignore:easy_install command is deprecated setup.py egg_info --egg-base ../../build/my_package build --build-base /home/ema/SESAR/ros2_ws/build/my_package/build install --record /home/ema/SESAR/ros2_ws/build/my_package/install.log --single-version-externally-managed install_data
[1.949s] DEBUG:colcon.colcon_core.event_handler.log_command:Invoked command in '/home/ema/SESAR/ros2_ws/src/lab03_pkg' returned '0': PYTHONPATH=/home/ema/SESAR/ros2_ws/build/lab03_pkg/prefix_override:/usr/lib/python3/dist-packages/colcon_core/task/python/colcon_distutils_commands:/home/ema/SESAR/ros2_ws/install/lab03_pkg/lib/python3.10/site-packages:${PYTHONPATH} /usr/bin/python3 -W ignore:setup.py install is deprecated -W ignore:easy_install command is deprecated setup.py egg_info --egg-base ../../build/lab03_pkg build --build-base /home/ema/SESAR/ros2_ws/build/lab03_pkg/build install --record /home/ema/SESAR/ros2_ws/build/lab03_pkg/install.log --single-version-externally-managed install_data
[1.951s] Level 1:colcon.colcon_core.environment:checking '/home/ema/SESAR/ros2_ws/install/lab03_pkg' for CMake module files
[1.952s] Level 1:colcon.colcon_core.environment:checking '/home/ema/SESAR/ros2_ws/install/lab03_pkg' for CMake config files
[1.952s] Level 1:colcon.colcon_core.environment:checking '/home/ema/SESAR/ros2_ws/install/lab03_pkg/lib'
[1.953s] Level 1:colcon.colcon_core.environment:checking '/home/ema/SESAR/ros2_ws/install/lab03_pkg/bin'
[1.953s] Level 1:colcon.colcon_core.environment:checking '/home/ema/SESAR/ros2_ws/install/lab03_pkg/lib/pkgconfig/lab03_pkg.pc'
[1.953s] Level 1:colcon.colcon_core.environment:checking '/home/ema/SESAR/ros2_ws/install/lab03_pkg/lib/python3.10/site-packages'
[1.953s] Level 1:colcon.colcon_core.shell:create_environment_hook('lab03_pkg', 'pythonpath')
[1.953s] INFO:colcon.colcon_core.shell:Creating environment hook '/home/ema/SESAR/ros2_ws/install/lab03_pkg/share/lab03_pkg/hook/pythonpath.ps1'
[1.954s] INFO:colcon.colcon_core.shell:Creating environment descriptor '/home/ema/SESAR/ros2_ws/install/lab03_pkg/share/lab03_pkg/hook/pythonpath.dsv'
[1.954s] INFO:colcon.colcon_core.shell:Creating environment hook '/home/ema/SESAR/ros2_ws/install/lab03_pkg/share/lab03_pkg/hook/pythonpath.sh'
[1.954s] Level 1:colcon.colcon_core.environment:checking '/home/ema/SESAR/ros2_ws/install/lab03_pkg/bin'
[1.955s] Level 1:colcon.colcon_core.environment:create_environment_scripts_only(lab03_pkg)
[1.955s] INFO:colcon.colcon_core.shell:Creating package script '/home/ema/SESAR/ros2_ws/install/lab03_pkg/share/lab03_pkg/package.ps1'
[1.955s] INFO:colcon.colcon_core.shell:Creating package descriptor '/home/ema/SESAR/ros2_ws/install/lab03_pkg/share/lab03_pkg/package.dsv'
[1.956s] INFO:colcon.colcon_core.shell:Creating package script '/home/ema/SESAR/ros2_ws/install/lab03_pkg/share/lab03_pkg/package.sh'
[1.956s] INFO:colcon.colcon_core.shell:Creating package script '/home/ema/SESAR/ros2_ws/install/lab03_pkg/share/lab03_pkg/package.bash'
[1.957s] INFO:colcon.colcon_core.shell:Creating package script '/home/ema/SESAR/ros2_ws/install/lab03_pkg/share/lab03_pkg/package.zsh'
[1.957s] Level 1:colcon.colcon_core.environment:create_file_with_runtime_dependencies(/home/ema/SESAR/ros2_ws/install/lab03_pkg/share/colcon-core/packages/lab03_pkg)
[1.959s] Level 1:colcon.colcon_core.environment:checking '/home/ema/SESAR/ros2_ws/install/my_package' for CMake module files
[1.961s] DEBUG:colcon.colcon_core.event_handler.log_command:Invoked command in '/home/ema/SESAR/ros2_ws/src/my_package' returned '0': PYTHONPATH=/home/ema/SESAR/ros2_ws/build/my_package/prefix_override:/usr/lib/python3/dist-packages/colcon_core/task/python/colcon_distutils_commands:/home/ema/SESAR/ros2_ws/install/my_package/lib/python3.10/site-packages:${PYTHONPATH} /usr/bin/python3 -W ignore:setup.py install is deprecated -W ignore:easy_install command is deprecated setup.py egg_info --egg-base ../../build/my_package build --build-base /home/ema/SESAR/ros2_ws/build/my_package/build install --record /home/ema/SESAR/ros2_ws/build/my_package/install.log --single-version-externally-managed install_data
[1.961s] Level 1:colcon.colcon_core.environment:checking '/home/ema/SESAR/ros2_ws/install/my_package' for CMake config files
[1.961s] Level 1:colcon.colcon_core.environment:checking '/home/ema/SESAR/ros2_ws/install/my_package/lib'
[1.961s] Level 1:colcon.colcon_core.environment:checking '/home/ema/SESAR/ros2_ws/install/my_package/bin'
[1.961s] Level 1:colcon.colcon_core.environment:checking '/home/ema/SESAR/ros2_ws/install/my_package/lib/pkgconfig/my_package.pc'
[1.962s] Level 1:colcon.colcon_core.environment:checking '/home/ema/SESAR/ros2_ws/install/my_package/lib/python3.10/site-packages'
[1.962s] Level 1:colcon.colcon_core.shell:create_environment_hook('my_package', 'pythonpath')
[1.962s] INFO:colcon.colcon_core.shell:Creating environment hook '/home/ema/SESAR/ros2_ws/install/my_package/share/my_package/hook/pythonpath.ps1'
[1.962s] INFO:colcon.colcon_core.shell:Creating environment descriptor '/home/ema/SESAR/ros2_ws/install/my_package/share/my_package/hook/pythonpath.dsv'
[1.963s] INFO:colcon.colcon_core.shell:Creating environment hook '/home/ema/SESAR/ros2_ws/install/my_package/share/my_package/hook/pythonpath.sh'
[1.963s] Level 1:colcon.colcon_core.environment:checking '/home/ema/SESAR/ros2_ws/install/my_package/bin'
[1.963s] Level 1:colcon.colcon_core.environment:create_environment_scripts_only(my_package)
[1.963s] INFO:colcon.colcon_core.shell:Creating package script '/home/ema/SESAR/ros2_ws/install/my_package/share/my_package/package.ps1'
[1.964s] INFO:colcon.colcon_core.shell:Creating package descriptor '/home/ema/SESAR/ros2_ws/install/my_package/share/my_package/package.dsv'
[1.964s] INFO:colcon.colcon_core.shell:Creating package script '/home/ema/SESAR/ros2_ws/install/my_package/share/my_package/package.sh'
[1.964s] INFO:colcon.colcon_core.shell:Creating package script '/home/ema/SESAR/ros2_ws/install/my_package/share/my_package/package.bash'
[1.964s] INFO:colcon.colcon_core.shell:Creating package script '/home/ema/SESAR/ros2_ws/install/my_package/share/my_package/package.zsh'
[1.965s] Level 1:colcon.colcon_core.environment:create_file_with_runtime_dependencies(/home/ema/SESAR/ros2_ws/install/my_package/share/colcon-core/packages/my_package)
[1.966s] Level 1:colcon.colcon_core.environment:checking '/home/ema/SESAR/ros2_ws/install/lab01_pkg' for CMake module files
[1.968s] DEBUG:colcon.colcon_core.event_handler.log_command:Invoked command in '/home/ema/SESAR/ros2_ws/src/lab01_pkg' returned '0': PYTHONPATH=/home/ema/SESAR/ros2_ws/build/lab01_pkg/prefix_override:/usr/lib/python3/dist-packages/colcon_core/task/python/colcon_distutils_commands:/home/ema/SESAR/ros2_ws/install/lab01_pkg/lib/python3.10/site-packages:${PYTHONPATH} /usr/bin/python3 -W ignore:setup.py install is deprecated -W ignore:easy_install command is deprecated setup.py egg_info --egg-base ../../build/lab01_pkg build --build-base /home/ema/SESAR/ros2_ws/build/lab01_pkg/build install --record /home/ema/SESAR/ros2_ws/build/lab01_pkg/install.log --single-version-externally-managed install_data
[1.968s] Level 1:colcon.colcon_core.environment:checking '/home/ema/SESAR/ros2_ws/install/lab01_pkg' for CMake config files
[1.969s] Level 1:colcon.colcon_core.environment:checking '/home/ema/SESAR/ros2_ws/install/lab01_pkg/lib'
[1.969s] Level 1:colcon.colcon_core.environment:checking '/home/ema/SESAR/ros2_ws/install/lab01_pkg/bin'
[1.969s] Level 1:colcon.colcon_core.environment:checking '/home/ema/SESAR/ros2_ws/install/lab01_pkg/lib/pkgconfig/lab01_pkg.pc'
[1.969s] Level 1:colcon.colcon_core.environment:checking '/home/ema/SESAR/ros2_ws/install/lab01_pkg/lib/python3.10/site-packages'
[1.969s] Level 1:colcon.colcon_core.shell:create_environment_hook('lab01_pkg', 'pythonpath')
[1.969s] INFO:colcon.colcon_core.shell:Creating environment hook '/home/ema/SESAR/ros2_ws/install/lab01_pkg/share/lab01_pkg/hook/pythonpath.ps1'
[1.970s] INFO:colcon.colcon_core.shell:Creating environment descriptor '/home/ema/SESAR/ros2_ws/install/lab01_pkg/share/lab01_pkg/hook/pythonpath.dsv'
[1.970s] INFO:colcon.colcon_core.shell:Creating environment hook '/home/ema/SESAR/ros2_ws/install/lab01_pkg/share/lab01_pkg/hook/pythonpath.sh'
[1.970s] Level 1:colcon.colcon_core.environment:checking '/home/ema/SESAR/ros2_ws/install/lab01_pkg/bin'
[1.971s] Level 1:colcon.colcon_core.environment:create_environment_scripts_only(lab01_pkg)
[1.971s] INFO:colcon.colcon_core.shell:Creating package script '/home/ema/SESAR/ros2_ws/install/lab01_pkg/share/lab01_pkg/package.ps1'
[1.971s] INFO:colcon.colcon_core.shell:Creating package descriptor '/home/ema/SESAR/ros2_ws/install/lab01_pkg/share/lab01_pkg/package.dsv'
[1.972s] INFO:colcon.colcon_core.shell:Creating package script '/home/ema/SESAR/ros2_ws/install/lab01_pkg/share/lab01_pkg/package.sh'
[1.972s] INFO:colcon.colcon_core.shell:Creating package script '/home/ema/SESAR/ros2_ws/install/lab01_pkg/share/lab01_pkg/package.bash'
[1.972s] INFO:colcon.colcon_core.shell:Creating package script '/home/ema/SESAR/ros2_ws/install/lab01_pkg/share/lab01_pkg/package.zsh'
[1.972s] Level 1:colcon.colcon_core.environment:create_file_with_runtime_dependencies(/home/ema/SESAR/ros2_ws/install/lab01_pkg/share/colcon-core/packages/lab01_pkg)
[1.973s] Level 1:colcon.colcon_core.environment:checking '/home/ema/SESAR/ros2_ws/install/lab02_pkg' for CMake module files
[1.974s] Level 1:colcon.colcon_core.environment:checking '/home/ema/SESAR/ros2_ws/install/lab02_pkg' for CMake config files
[1.975s] DEBUG:colcon.colcon_core.event_handler.log_command:Invoked command in '/home/ema/SESAR/ros2_ws/src/lab02_pkg' returned '0': PYTHONPATH=/home/ema/SESAR/ros2_ws/build/lab02_pkg/prefix_override:/usr/lib/python3/dist-packages/colcon_core/task/python/colcon_distutils_commands:/home/ema/SESAR/ros2_ws/install/lab02_pkg/lib/python3.10/site-packages:${PYTHONPATH} /usr/bin/python3 -W ignore:setup.py install is deprecated -W ignore:easy_install command is deprecated setup.py egg_info --egg-base ../../build/lab02_pkg build --build-base /home/ema/SESAR/ros2_ws/build/lab02_pkg/build install --record /home/ema/SESAR/ros2_ws/build/lab02_pkg/install.log --single-version-externally-managed install_data
[1.975s] Level 1:colcon.colcon_core.environment:checking '/home/ema/SESAR/ros2_ws/install/lab02_pkg/lib'
[1.975s] Level 1:colcon.colcon_core.environment:checking '/home/ema/SESAR/ros2_ws/install/lab02_pkg/bin'
[1.975s] Level 1:colcon.colcon_core.environment:checking '/home/ema/SESAR/ros2_ws/install/lab02_pkg/lib/pkgconfig/lab02_pkg.pc'
[1.976s] Level 1:colcon.colcon_core.environment:checking '/home/ema/SESAR/ros2_ws/install/lab02_pkg/lib/python3.10/site-packages'
[1.976s] Level 1:colcon.colcon_core.shell:create_environment_hook('lab02_pkg', 'pythonpath')
[1.976s] INFO:colcon.colcon_core.shell:Creating environment hook '/home/ema/SESAR/ros2_ws/install/lab02_pkg/share/lab02_pkg/hook/pythonpath.ps1'
[1.976s] INFO:colcon.colcon_core.shell:Creating environment descriptor '/home/ema/SESAR/ros2_ws/install/lab02_pkg/share/lab02_pkg/hook/pythonpath.dsv'
[1.976s] INFO:colcon.colcon_core.shell:Creating environment hook '/home/ema/SESAR/ros2_ws/install/lab02_pkg/share/lab02_pkg/hook/pythonpath.sh'
[1.977s] Level 1:colcon.colcon_core.environment:checking '/home/ema/SESAR/ros2_ws/install/lab02_pkg/bin'
[1.977s] Level 1:colcon.colcon_core.environment:create_environment_scripts_only(lab02_pkg)
[1.977s] INFO:colcon.colcon_core.shell:Creating package script '/home/ema/SESAR/ros2_ws/install/lab02_pkg/share/lab02_pkg/package.ps1'
[1.977s] INFO:colcon.colcon_core.shell:Creating package descriptor '/home/ema/SESAR/ros2_ws/install/lab02_pkg/share/lab02_pkg/package.dsv'
[1.978s] INFO:colcon.colcon_core.shell:Creating package script '/home/ema/SESAR/ros2_ws/install/lab02_pkg/share/lab02_pkg/package.sh'
[1.978s] INFO:colcon.colcon_core.shell:Creating package script '/home/ema/SESAR/ros2_ws/install/lab02_pkg/share/lab02_pkg/package.bash'
[1.978s] INFO:colcon.colcon_core.shell:Creating package script '/home/ema/SESAR/ros2_ws/install/lab02_pkg/share/lab02_pkg/package.zsh'
[1.978s] Level 1:colcon.colcon_core.environment:create_file_with_runtime_dependencies(/home/ema/SESAR/ros2_ws/install/lab02_pkg/share/colcon-core/packages/lab02_pkg)
[5.017s] DEBUG:colcon.colcon_core.event_handler.log_command:Invoked command in '/home/ema/SESAR/ros2_ws/build/landmark_msgs' returned '0': CMAKE_PREFIX_PATH=${CMAKE_PREFIX_PATH}:/home/ema/SESAR/ros2_ws/install/turtlebot3_perception:/home/ema/SESAR/ros2_ws/install/my_package:/home/ema/SESAR/ros2_ws/install/lab04_pkg:/home/ema/SESAR/ros2_ws/install/lab03_pkg:/home/ema/SESAR/ros2_ws/install/lab02_pkg:/home/ema/SESAR/ros2_ws/install/lab01_pkg:/opt/ros/humble /usr/bin/cmake /home/ema/SESAR/ros2_ws/src/turtlebot3_perception/landmark_msgs -DCMAKE_INSTALL_PREFIX=/home/ema/SESAR/ros2_ws/install/landmark_msgs
[5.019s] DEBUG:colcon.colcon_core.event_handler.log_command:Invoking command in '/home/ema/SESAR/ros2_ws/build/landmark_msgs': CMAKE_PREFIX_PATH=${CMAKE_PREFIX_PATH}:/home/ema/SESAR/ros2_ws/install/turtlebot3_perception:/home/ema/SESAR/ros2_ws/install/my_package:/home/ema/SESAR/ros2_ws/install/lab04_pkg:/home/ema/SESAR/ros2_ws/install/lab03_pkg:/home/ema/SESAR/ros2_ws/install/lab02_pkg:/home/ema/SESAR/ros2_ws/install/lab01_pkg:/opt/ros/humble /usr/bin/cmake --build /home/ema/SESAR/ros2_ws/build/landmark_msgs -- -j20 -l20
[6.068s] DEBUG:colcon.colcon_core.event_handler.log_command:Invoked command in '/home/ema/SESAR/ros2_ws/build/landmark_msgs' returned '0': CMAKE_PREFIX_PATH=${CMAKE_PREFIX_PATH}:/home/ema/SESAR/ros2_ws/install/turtlebot3_perception:/home/ema/SESAR/ros2_ws/install/my_package:/home/ema/SESAR/ros2_ws/install/lab04_pkg:/home/ema/SESAR/ros2_ws/install/lab03_pkg:/home/ema/SESAR/ros2_ws/install/lab02_pkg:/home/ema/SESAR/ros2_ws/install/lab01_pkg:/opt/ros/humble /usr/bin/cmake --build /home/ema/SESAR/ros2_ws/build/landmark_msgs -- -j20 -l20
[6.077s] DEBUG:colcon.colcon_core.event_handler.log_command:Invoking command in '/home/ema/SESAR/ros2_ws/build/landmark_msgs': CMAKE_PREFIX_PATH=${CMAKE_PREFIX_PATH}:/home/ema/SESAR/ros2_ws/install/turtlebot3_perception:/home/ema/SESAR/ros2_ws/install/my_package:/home/ema/SESAR/ros2_ws/install/lab04_pkg:/home/ema/SESAR/ros2_ws/install/lab03_pkg:/home/ema/SESAR/ros2_ws/install/lab02_pkg:/home/ema/SESAR/ros2_ws/install/lab01_pkg:/opt/ros/humble /usr/bin/cmake --install /home/ema/SESAR/ros2_ws/build/landmark_msgs
[6.137s] Level 1:colcon.colcon_core.environment:create_environment_scripts_only(landmark_msgs)
[6.137s] Level 1:colcon.colcon_core.environment:checking '/home/ema/SESAR/ros2_ws/install/landmark_msgs' for CMake module files
[6.138s] DEBUG:colcon.colcon_core.event_handler.log_command:Invoked command in '/home/ema/SESAR/ros2_ws/build/landmark_msgs' returned '0': CMAKE_PREFIX_PATH=${CMAKE_PREFIX_PATH}:/home/ema/SESAR/ros2_ws/install/turtlebot3_perception:/home/ema/SESAR/ros2_ws/install/my_package:/home/ema/SESAR/ros2_ws/install/lab04_pkg:/home/ema/SESAR/ros2_ws/install/lab03_pkg:/home/ema/SESAR/ros2_ws/install/lab02_pkg:/home/ema/SESAR/ros2_ws/install/lab01_pkg:/opt/ros/humble /usr/bin/cmake --install /home/ema/SESAR/ros2_ws/build/landmark_msgs
[6.138s] Level 1:colcon.colcon_core.environment:checking '/home/ema/SESAR/ros2_ws/install/landmark_msgs' for CMake config files
[6.138s] Level 1:colcon.colcon_core.shell:create_environment_hook('landmark_msgs', 'cmake_prefix_path')
[6.138s] INFO:colcon.colcon_core.shell:Creating environment hook '/home/ema/SESAR/ros2_ws/install/landmark_msgs/share/landmark_msgs/hook/cmake_prefix_path.ps1'
[6.139s] INFO:colcon.colcon_core.shell:Creating environment descriptor '/home/ema/SESAR/ros2_ws/install/landmark_msgs/share/landmark_msgs/hook/cmake_prefix_path.dsv'
[6.139s] INFO:colcon.colcon_core.shell:Creating environment hook '/home/ema/SESAR/ros2_ws/install/landmark_msgs/share/landmark_msgs/hook/cmake_prefix_path.sh'
[6.140s] Level 1:colcon.colcon_core.environment:checking '/home/ema/SESAR/ros2_ws/install/landmark_msgs/lib'
[6.140s] Level 1:colcon.colcon_core.shell:create_environment_hook('landmark_msgs', 'ld_library_path_lib')
[6.140s] INFO:colcon.colcon_core.shell:Creating environment hook '/home/ema/SESAR/ros2_ws/install/landmark_msgs/share/landmark_msgs/hook/ld_library_path_lib.ps1'
[6.140s] INFO:colcon.colcon_core.shell:Creating environment descriptor '/home/ema/SESAR/ros2_ws/install/landmark_msgs/share/landmark_msgs/hook/ld_library_path_lib.dsv'
[6.140s] INFO:colcon.colcon_core.shell:Creating environment hook '/home/ema/SESAR/ros2_ws/install/landmark_msgs/share/landmark_msgs/hook/ld_library_path_lib.sh'
[6.141s] Level 1:colcon.colcon_core.environment:checking '/home/ema/SESAR/ros2_ws/install/landmark_msgs/bin'
[6.141s] Level 1:colcon.colcon_core.environment:checking '/home/ema/SESAR/ros2_ws/install/landmark_msgs/lib/pkgconfig/landmark_msgs.pc'
[6.141s] Level 1:colcon.colcon_core.environment:checking '/home/ema/SESAR/ros2_ws/install/landmark_msgs/lib/python3.10/site-packages'
[6.141s] Level 1:colcon.colcon_core.environment:checking '/home/ema/SESAR/ros2_ws/install/landmark_msgs/bin'
[6.141s] INFO:colcon.colcon_core.shell:Creating package script '/home/ema/SESAR/ros2_ws/install/landmark_msgs/share/landmark_msgs/package.ps1'
[6.142s] INFO:colcon.colcon_core.shell:Creating package descriptor '/home/ema/SESAR/ros2_ws/install/landmark_msgs/share/landmark_msgs/package.dsv'
[6.142s] INFO:colcon.colcon_core.shell:Creating package script '/home/ema/SESAR/ros2_ws/install/landmark_msgs/share/landmark_msgs/package.sh'
[6.142s] INFO:colcon.colcon_core.shell:Creating package script '/home/ema/SESAR/ros2_ws/install/landmark_msgs/share/landmark_msgs/package.bash'
[6.142s] INFO:colcon.colcon_core.shell:Creating package script '/home/ema/SESAR/ros2_ws/install/landmark_msgs/share/landmark_msgs/package.zsh'
[6.143s] Level 1:colcon.colcon_core.environment:create_file_with_runtime_dependencies(/home/ema/SESAR/ros2_ws/install/landmark_msgs/share/colcon-core/packages/landmark_msgs)
[6.144s] Level 1:colcon.colcon_core.environment:create_environment_scripts_only(landmark_msgs)
[6.144s] Level 1:colcon.colcon_core.environment:checking '/home/ema/SESAR/ros2_ws/install/landmark_msgs' for CMake module files
[6.144s] Level 1:colcon.colcon_core.environment:checking '/home/ema/SESAR/ros2_ws/install/landmark_msgs' for CMake config files
[6.145s] Level 1:colcon.colcon_core.shell:create_environment_hook('landmark_msgs', 'cmake_prefix_path')
[6.145s] INFO:colcon.colcon_core.shell:Creating environment hook '/home/ema/SESAR/ros2_ws/install/landmark_msgs/share/landmark_msgs/hook/cmake_prefix_path.ps1'
[6.145s] INFO:colcon.colcon_core.shell:Creating environment descriptor '/home/ema/SESAR/ros2_ws/install/landmark_msgs/share/landmark_msgs/hook/cmake_prefix_path.dsv'
[6.146s] INFO:colcon.colcon_core.shell:Creating environment hook '/home/ema/SESAR/ros2_ws/install/landmark_msgs/share/landmark_msgs/hook/cmake_prefix_path.sh'
[6.146s] Level 1:colcon.colcon_core.environment:checking '/home/ema/SESAR/ros2_ws/install/landmark_msgs/lib'
[6.146s] Level 1:colcon.colcon_core.shell:create_environment_hook('landmark_msgs', 'ld_library_path_lib')
[6.146s] INFO:colcon.colcon_core.shell:Creating environment hook '/home/ema/SESAR/ros2_ws/install/landmark_msgs/share/landmark_msgs/hook/ld_library_path_lib.ps1'
[6.147s] INFO:colcon.colcon_core.shell:Creating environment descriptor '/home/ema/SESAR/ros2_ws/install/landmark_msgs/share/landmark_msgs/hook/ld_library_path_lib.dsv'
[6.147s] INFO:colcon.colcon_core.shell:Creating environment hook '/home/ema/SESAR/ros2_ws/install/landmark_msgs/share/landmark_msgs/hook/ld_library_path_lib.sh'
[6.147s] Level 1:colcon.colcon_core.environment:checking '/home/ema/SESAR/ros2_ws/install/landmark_msgs/bin'
[6.147s] Level 1:colcon.colcon_core.environment:checking '/home/ema/SESAR/ros2_ws/install/landmark_msgs/lib/pkgconfig/landmark_msgs.pc'
[6.147s] Level 1:colcon.colcon_core.environment:checking '/home/ema/SESAR/ros2_ws/install/landmark_msgs/lib/python3.10/site-packages'
[6.148s] Level 1:colcon.colcon_core.environment:checking '/home/ema/SESAR/ros2_ws/install/landmark_msgs/bin'
[6.148s] INFO:colcon.colcon_core.shell:Creating package script '/home/ema/SESAR/ros2_ws/install/landmark_msgs/share/landmark_msgs/package.ps1'
[6.148s] INFO:colcon.colcon_core.shell:Creating package descriptor '/home/ema/SESAR/ros2_ws/install/landmark_msgs/share/landmark_msgs/package.dsv'
[6.148s] INFO:colcon.colcon_core.shell:Creating package script '/home/ema/SESAR/ros2_ws/install/landmark_msgs/share/landmark_msgs/package.sh'
[6.149s] INFO:colcon.colcon_core.shell:Creating package script '/home/ema/SESAR/ros2_ws/install/landmark_msgs/share/landmark_msgs/package.bash'
[6.149s] INFO:colcon.colcon_core.shell:Creating package script '/home/ema/SESAR/ros2_ws/install/landmark_msgs/share/landmark_msgs/package.zsh'
[6.149s] Level 1:colcon.colcon_core.environment:create_file_with_runtime_dependencies(/home/ema/SESAR/ros2_ws/install/landmark_msgs/share/colcon-core/packages/landmark_msgs)
[6.150s] INFO:colcon.colcon_ros.task.ament_python.build:Building ROS package in '/home/ema/SESAR/ros2_ws/src/lab04_pkg' with build type 'ament_python'
[6.150s] Level 1:colcon.colcon_core.shell:create_environment_hook('lab04_pkg', 'ament_prefix_path')
[6.150s] INFO:colcon.colcon_core.shell:Creating environment hook '/home/ema/SESAR/ros2_ws/install/lab04_pkg/share/lab04_pkg/hook/ament_prefix_path.ps1'
[6.151s] INFO:colcon.colcon_core.shell:Creating environment descriptor '/home/ema/SESAR/ros2_ws/install/lab04_pkg/share/lab04_pkg/hook/ament_prefix_path.dsv'
[6.151s] INFO:colcon.colcon_core.shell:Creating environment hook '/home/ema/SESAR/ros2_ws/install/lab04_pkg/share/lab04_pkg/hook/ament_prefix_path.sh'
[6.152s] INFO:colcon.colcon_core.shell:Skip shell extension 'powershell' for command environment: Not usable outside of PowerShell
[6.152s] DEBUG:colcon.colcon_core.shell:Skip shell extension 'dsv' for command environment
[6.154s] INFO:colcon.colcon_ros.task.ament_python.build:Building ROS package in '/home/ema/SESAR/ros2_ws/src/turtlebot3_perception/turtlebot3_perception' with build type 'ament_python'
[6.154s] Level 1:colcon.colcon_core.shell:create_environment_hook('turtlebot3_perception', 'ament_prefix_path')
[6.155s] INFO:colcon.colcon_core.shell:Creating environment hook '/home/ema/SESAR/ros2_ws/install/turtlebot3_perception/share/turtlebot3_perception/hook/ament_prefix_path.ps1'
[6.156s] INFO:colcon.colcon_core.shell:Creating environment descriptor '/home/ema/SESAR/ros2_ws/install/turtlebot3_perception/share/turtlebot3_perception/hook/ament_prefix_path.dsv'
[6.156s] INFO:colcon.colcon_core.shell:Creating environment hook '/home/ema/SESAR/ros2_ws/install/turtlebot3_perception/share/turtlebot3_perception/hook/ament_prefix_path.sh'
[6.157s] INFO:colcon.colcon_core.shell:Skip shell extension 'powershell' for command environment: Not usable outside of PowerShell
[6.157s] DEBUG:colcon.colcon_core.shell:Skip shell extension 'dsv' for command environment
[6.524s] INFO:colcon.colcon_core.task.python.build:Building Python package in '/home/ema/SESAR/ros2_ws/src/turtlebot3_perception/turtlebot3_perception'
[6.525s] INFO:colcon.colcon_core.shell:Skip shell extension 'powershell' for command environment: Not usable outside of PowerShell
[6.525s] DEBUG:colcon.colcon_core.shell:Skip shell extension 'dsv' for command environment
[6.763s] INFO:colcon.colcon_core.task.python.build:Building Python package in '/home/ema/SESAR/ros2_ws/src/lab04_pkg'
[6.763s] INFO:colcon.colcon_core.shell:Skip shell extension 'powershell' for command environment: Not usable outside of PowerShell
[6.763s] DEBUG:colcon.colcon_core.shell:Skip shell extension 'dsv' for command environment
[7.133s] DEBUG:colcon.colcon_core.event_handler.log_command:Invoking command in '/home/ema/SESAR/ros2_ws/src/turtlebot3_perception/turtlebot3_perception': CMAKE_PREFIX_PATH=/home/ema/SESAR/ros2_ws/install/landmark_msgs:/home/ema/SESAR/ros2_ws/install/turtlebot3_simulations:/home/ema/SESAR/ros2_ws/install/turtlebot3_gazebo:/home/ema/SESAR/ros2_ws/install/turtlebot3_fake_node LD_LIBRARY_PATH=/home/ema/SESAR/ros2_ws/install/landmark_msgs/lib:/opt/ros/humble/opt/zenoh_cpp_vendor/lib:/usr/lib/x86_64-linux-gnu/gazebo-11/plugins:/opt/ros/humble/opt/rviz_ogre_vendor/lib:/opt/ros/humble/lib/x86_64-linux-gnu:/opt/ros/humble/lib:/usr/share/gazebo/../../lib/x86_64-linux-gnu/gazebo-11/plugins:/usr/share/gazebo/../../lib/x86_64-linux-gnu/gazebo-11/plugins:/usr/share/gazebo/../../lib/x86_64-linux-gnu/gazebo-11/plugins PYTHONPATH=/home/ema/SESAR/ros2_ws/build/turtlebot3_perception/prefix_override:/usr/lib/python3/dist-packages/colcon_core/task/python/colcon_distutils_commands:/home/ema/SESAR/ros2_ws/install/turtlebot3_perception/lib/python3.10/site-packages:${PYTHONPATH} /usr/bin/python3 -W ignore:setup.py install is deprecated -W ignore:easy_install command is deprecated setup.py egg_info --egg-base ../../../build/turtlebot3_perception build --build-base /home/ema/SESAR/ros2_ws/build/turtlebot3_perception/build install --record /home/ema/SESAR/ros2_ws/build/turtlebot3_perception/install.log --single-version-externally-managed install_data
[7.310s] DEBUG:colcon.colcon_core.event_handler.log_command:Invoking command in '/home/ema/SESAR/ros2_ws/src/lab04_pkg': CMAKE_PREFIX_PATH=/home/ema/SESAR/ros2_ws/install/landmark_msgs:/home/ema/SESAR/ros2_ws/install/turtlebot3_simulations:/home/ema/SESAR/ros2_ws/install/turtlebot3_gazebo:/home/ema/SESAR/ros2_ws/install/turtlebot3_fake_node LD_LIBRARY_PATH=/home/ema/SESAR/ros2_ws/install/landmark_msgs/lib:/opt/ros/humble/opt/zenoh_cpp_vendor/lib:/usr/lib/x86_64-linux-gnu/gazebo-11/plugins:/opt/ros/humble/opt/rviz_ogre_vendor/lib:/opt/ros/humble/lib/x86_64-linux-gnu:/opt/ros/humble/lib:/usr/share/gazebo/../../lib/x86_64-linux-gnu/gazebo-11/plugins:/usr/share/gazebo/../../lib/x86_64-linux-gnu/gazebo-11/plugins:/usr/share/gazebo/../../lib/x86_64-linux-gnu/gazebo-11/plugins PYTHONPATH=/home/ema/SESAR/ros2_ws/build/lab04_pkg/prefix_override:/usr/lib/python3/dist-packages/colcon_core/task/python/colcon_distutils_commands:/home/ema/SESAR/ros2_ws/install/lab04_pkg/lib/python3.10/site-packages:${PYTHONPATH} /usr/bin/python3 -W ignore:setup.py install is deprecated -W ignore:easy_install command is deprecated setup.py egg_info --egg-base ../../build/lab04_pkg build --build-base /home/ema/SESAR/ros2_ws/build/lab04_pkg/build install --record /home/ema/SESAR/ros2_ws/build/lab04_pkg/install.log --single-version-externally-managed install_data
[7.412s] Level 1:colcon.colcon_core.environment:checking '/home/ema/SESAR/ros2_ws/install/turtlebot3_perception' for CMake module files
[7.413s] DEBUG:colcon.colcon_core.event_handler.log_command:Invoked command in '/home/ema/SESAR/ros2_ws/src/turtlebot3_perception/turtlebot3_perception' returned '0': CMAKE_PREFIX_PATH=/home/ema/SESAR/ros2_ws/install/landmark_msgs:/home/ema/SESAR/ros2_ws/install/turtlebot3_simulations:/home/ema/SESAR/ros2_ws/install/turtlebot3_gazebo:/home/ema/SESAR/ros2_ws/install/turtlebot3_fake_node LD_LIBRARY_PATH=/home/ema/SESAR/ros2_ws/install/landmark_msgs/lib:/opt/ros/humble/opt/zenoh_cpp_vendor/lib:/usr/lib/x86_64-linux-gnu/gazebo-11/plugins:/opt/ros/humble/opt/rviz_ogre_vendor/lib:/opt/ros/humble/lib/x86_64-linux-gnu:/opt/ros/humble/lib:/usr/share/gazebo/../../lib/x86_64-linux-gnu/gazebo-11/plugins:/usr/share/gazebo/../../lib/x86_64-linux-gnu/gazebo-11/plugins:/usr/share/gazebo/../../lib/x86_64-linux-gnu/gazebo-11/plugins PYTHONPATH=/home/ema/SESAR/ros2_ws/build/turtlebot3_perception/prefix_override:/usr/lib/python3/dist-packages/colcon_core/task/python/colcon_distutils_commands:/home/ema/SESAR/ros2_ws/install/turtlebot3_perception/lib/python3.10/site-packages:${PYTHONPATH} /usr/bin/python3 -W ignore:setup.py install is deprecated -W ignore:easy_install command is deprecated setup.py egg_info --egg-base ../../../build/turtlebot3_perception build --build-base /home/ema/SESAR/ros2_ws/build/turtlebot3_perception/build install --record /home/ema/SESAR/ros2_ws/build/turtlebot3_perception/install.log --single-version-externally-managed install_data
[7.413s] Level 1:colcon.colcon_core.environment:checking '/home/ema/SESAR/ros2_ws/install/turtlebot3_perception' for CMake config files
[7.414s] Level 1:colcon.colcon_core.environment:checking '/home/ema/SESAR/ros2_ws/install/turtlebot3_perception/lib'
[7.414s] Level 1:colcon.colcon_core.environment:checking '/home/ema/SESAR/ros2_ws/install/turtlebot3_perception/bin'
[7.414s] Level 1:colcon.colcon_core.environment:checking '/home/ema/SESAR/ros2_ws/install/turtlebot3_perception/lib/pkgconfig/turtlebot3_perception.pc'
[7.414s] Level 1:colcon.colcon_core.environment:checking '/home/ema/SESAR/ros2_ws/install/turtlebot3_perception/lib/python3.10/site-packages'
[7.414s] Level 1:colcon.colcon_core.shell:create_environment_hook('turtlebot3_perception', 'pythonpath')
[7.414s] INFO:colcon.colcon_core.shell:Creating environment hook '/home/ema/SESAR/ros2_ws/install/turtlebot3_perception/share/turtlebot3_perception/hook/pythonpath.ps1'
[7.415s] INFO:colcon.colcon_core.shell:Creating environment descriptor '/home/ema/SESAR/ros2_ws/install/turtlebot3_perception/share/turtlebot3_perception/hook/pythonpath.dsv'
[7.415s] INFO:colcon.colcon_core.shell:Creating environment hook '/home/ema/SESAR/ros2_ws/install/turtlebot3_perception/share/turtlebot3_perception/hook/pythonpath.sh'
[7.415s] Level 1:colcon.colcon_core.environment:checking '/home/ema/SESAR/ros2_ws/install/turtlebot3_perception/bin'
[7.416s] Level 1:colcon.colcon_core.environment:create_environment_scripts_only(turtlebot3_perception)
[7.416s] INFO:colcon.colcon_core.shell:Creating package script '/home/ema/SESAR/ros2_ws/install/turtlebot3_perception/share/turtlebot3_perception/package.ps1'
[7.416s] INFO:colcon.colcon_core.shell:Creating package descriptor '/home/ema/SESAR/ros2_ws/install/turtlebot3_perception/share/turtlebot3_perception/package.dsv'
[7.417s] INFO:colcon.colcon_core.shell:Creating package script '/home/ema/SESAR/ros2_ws/install/turtlebot3_perception/share/turtlebot3_perception/package.sh'
[7.417s] INFO:colcon.colcon_core.shell:Creating package script '/home/ema/SESAR/ros2_ws/install/turtlebot3_perception/share/turtlebot3_perception/package.bash'
[7.417s] INFO:colcon.colcon_core.shell:Creating package script '/home/ema/SESAR/ros2_ws/install/turtlebot3_perception/share/turtlebot3_perception/package.zsh'
[7.418s] Level 1:colcon.colcon_core.environment:create_file_with_runtime_dependencies(/home/ema/SESAR/ros2_ws/install/turtlebot3_perception/share/colcon-core/packages/turtlebot3_perception)
[7.608s] Level 1:colcon.colcon_core.environment:checking '/home/ema/SESAR/ros2_ws/install/lab04_pkg' for CMake module files
[7.609s] DEBUG:colcon.colcon_core.event_handler.log_command:Invoked command in '/home/ema/SESAR/ros2_ws/src/lab04_pkg' returned '0': CMAKE_PREFIX_PATH=/home/ema/SESAR/ros2_ws/install/landmark_msgs:/home/ema/SESAR/ros2_ws/install/turtlebot3_simulations:/home/ema/SESAR/ros2_ws/install/turtlebot3_gazebo:/home/ema/SESAR/ros2_ws/install/turtlebot3_fake_node LD_LIBRARY_PATH=/home/ema/SESAR/ros2_ws/install/landmark_msgs/lib:/opt/ros/humble/opt/zenoh_cpp_vendor/lib:/usr/lib/x86_64-linux-gnu/gazebo-11/plugins:/opt/ros/humble/opt/rviz_ogre_vendor/lib:/opt/ros/humble/lib/x86_64-linux-gnu:/opt/ros/humble/lib:/usr/share/gazebo/../../lib/x86_64-linux-gnu/gazebo-11/plugins:/usr/share/gazebo/../../lib/x86_64-linux-gnu/gazebo-11/plugins:/usr/share/gazebo/../../lib/x86_64-linux-gnu/gazebo-11/plugins PYTHONPATH=/home/ema/SESAR/ros2_ws/build/lab04_pkg/prefix_override:/usr/lib/python3/dist-packages/colcon_core/task/python/colcon_distutils_commands:/home/ema/SESAR/ros2_ws/install/lab04_pkg/lib/python3.10/site-packages:${PYTHONPATH} /usr/bin/python3 -W ignore:setup.py install is deprecated -W ignore:easy_install command is deprecated setup.py egg_info --egg-base ../../build/lab04_pkg build --build-base /home/ema/SESAR/ros2_ws/build/lab04_pkg/build install --record /home/ema/SESAR/ros2_ws/build/lab04_pkg/install.log --single-version-externally-managed install_data
[7.609s] Level 1:colcon.colcon_core.environment:checking '/home/ema/SESAR/ros2_ws/install/lab04_pkg' for CMake config files
[7.610s] Level 1:colcon.colcon_core.environment:checking '/home/ema/SESAR/ros2_ws/install/lab04_pkg/lib'
[7.610s] Level 1:colcon.colcon_core.environment:checking '/home/ema/SESAR/ros2_ws/install/lab04_pkg/bin'
[7.610s] Level 1:colcon.colcon_core.environment:checking '/home/ema/SESAR/ros2_ws/install/lab04_pkg/lib/pkgconfig/lab04_pkg.pc'
[7.610s] Level 1:colcon.colcon_core.environment:checking '/home/ema/SESAR/ros2_ws/install/lab04_pkg/lib/python3.10/site-packages'
[7.610s] Level 1:colcon.colcon_core.shell:create_environment_hook('lab04_pkg', 'pythonpath')
[7.611s] INFO:colcon.colcon_core.shell:Creating environment hook '/home/ema/SESAR/ros2_ws/install/lab04_pkg/share/lab04_pkg/hook/pythonpath.ps1'
[7.611s] INFO:colcon.colcon_core.shell:Creating environment descriptor '/home/ema/SESAR/ros2_ws/install/lab04_pkg/share/lab04_pkg/hook/pythonpath.dsv'
[7.611s] INFO:colcon.colcon_core.shell:Creating environment hook '/home/ema/SESAR/ros2_ws/install/lab04_pkg/share/lab04_pkg/hook/pythonpath.sh'
[7.612s] Level 1:colcon.colcon_core.environment:checking '/home/ema/SESAR/ros2_ws/install/lab04_pkg/bin'
[7.612s] Level 1:colcon.colcon_core.environment:create_environment_scripts_only(lab04_pkg)
[7.612s] INFO:colcon.colcon_core.shell:Creating package script '/home/ema/SESAR/ros2_ws/install/lab04_pkg/share/lab04_pkg/package.ps1'
[7.613s] INFO:colcon.colcon_core.shell:Creating package descriptor '/home/ema/SESAR/ros2_ws/install/lab04_pkg/share/lab04_pkg/package.dsv'
[7.613s] INFO:colcon.colcon_core.shell:Creating package script '/home/ema/SESAR/ros2_ws/install/lab04_pkg/share/lab04_pkg/package.sh'
[7.613s] INFO:colcon.colcon_core.shell:Creating package script '/home/ema/SESAR/ros2_ws/install/lab04_pkg/share/lab04_pkg/package.bash'
[7.614s] INFO:colcon.colcon_core.shell:Creating package script '/home/ema/SESAR/ros2_ws/install/lab04_pkg/share/lab04_pkg/package.zsh'
[7.614s] Level 1:colcon.colcon_core.environment:create_file_with_runtime_dependencies(/home/ema/SESAR/ros2_ws/install/lab04_pkg/share/colcon-core/packages/lab04_pkg)
[14.477s] DEBUG:colcon.colcon_core.event_handler.log_command:Invoked command in '/home/ema/SESAR/ros2_ws/build/turtlebot3_fake_node' returned '0': CMAKE_PREFIX_PATH=${CMAKE_PREFIX_PATH}:/home/ema/SESAR/ros2_ws/install/turtlebot3_perception:/home/ema/SESAR/ros2_ws/install/my_package:/home/ema/SESAR/ros2_ws/install/lab04_pkg:/home/ema/SESAR/ros2_ws/install/lab03_pkg:/home/ema/SESAR/ros2_ws/install/lab02_pkg:/home/ema/SESAR/ros2_ws/install/lab01_pkg:/opt/ros/humble /usr/bin/cmake /home/ema/SESAR/ros2_ws/src/turtlebot3_simulations/turtlebot3_fake_node -DCMAKE_INSTALL_PREFIX=/home/ema/SESAR/ros2_ws/install/turtlebot3_fake_node
[14.478s] DEBUG:colcon.colcon_core.event_handler.log_command:Invoking command in '/home/ema/SESAR/ros2_ws/build/turtlebot3_fake_node': CMAKE_PREFIX_PATH=${CMAKE_PREFIX_PATH}:/home/ema/SESAR/ros2_ws/install/turtlebot3_perception:/home/ema/SESAR/ros2_ws/install/my_package:/home/ema/SESAR/ros2_ws/install/lab04_pkg:/home/ema/SESAR/ros2_ws/install/lab03_pkg:/home/ema/SESAR/ros2_ws/install/lab02_pkg:/home/ema/SESAR/ros2_ws/install/lab01_pkg:/opt/ros/humble /usr/bin/cmake --build /home/ema/SESAR/ros2_ws/build/turtlebot3_fake_node -- -j20 -l20
[23.618s] DEBUG:colcon.colcon_core.event_handler.log_command:Invoked command in '/home/ema/SESAR/ros2_ws/build/turtlebot3_fake_node' returned '0': CMAKE_PREFIX_PATH=${CMAKE_PREFIX_PATH}:/home/ema/SESAR/ros2_ws/install/turtlebot3_perception:/home/ema/SESAR/ros2_ws/install/my_package:/home/ema/SESAR/ros2_ws/install/lab04_pkg:/home/ema/SESAR/ros2_ws/install/lab03_pkg:/home/ema/SESAR/ros2_ws/install/lab02_pkg:/home/ema/SESAR/ros2_ws/install/lab01_pkg:/opt/ros/humble /usr/bin/cmake --build /home/ema/SESAR/ros2_ws/build/turtlebot3_fake_node -- -j20 -l20
[23.621s] DEBUG:colcon.colcon_core.event_handler.log_command:Invoking command in '/home/ema/SESAR/ros2_ws/build/turtlebot3_fake_node': CMAKE_PREFIX_PATH=${CMAKE_PREFIX_PATH}:/home/ema/SESAR/ros2_ws/install/turtlebot3_perception:/home/ema/SESAR/ros2_ws/install/my_package:/home/ema/SESAR/ros2_ws/install/lab04_pkg:/home/ema/SESAR/ros2_ws/install/lab03_pkg:/home/ema/SESAR/ros2_ws/install/lab02_pkg:/home/ema/SESAR/ros2_ws/install/lab01_pkg:/opt/ros/humble /usr/bin/cmake --install /home/ema/SESAR/ros2_ws/build/turtlebot3_fake_node
[23.635s] Level 1:colcon.colcon_core.environment:create_environment_scripts_only(turtlebot3_fake_node)
[23.635s] Level 1:colcon.colcon_core.environment:checking '/home/ema/SESAR/ros2_ws/install/turtlebot3_fake_node' for CMake module files
[23.636s] DEBUG:colcon.colcon_core.event_handler.log_command:Invoked command in '/home/ema/SESAR/ros2_ws/build/turtlebot3_fake_node' returned '0': CMAKE_PREFIX_PATH=${CMAKE_PREFIX_PATH}:/home/ema/SESAR/ros2_ws/install/turtlebot3_perception:/home/ema/SESAR/ros2_ws/install/my_package:/home/ema/SESAR/ros2_ws/install/lab04_pkg:/home/ema/SESAR/ros2_ws/install/lab03_pkg:/home/ema/SESAR/ros2_ws/install/lab02_pkg:/home/ema/SESAR/ros2_ws/install/lab01_pkg:/opt/ros/humble /usr/bin/cmake --install /home/ema/SESAR/ros2_ws/build/turtlebot3_fake_node
[23.636s] Level 1:colcon.colcon_core.environment:checking '/home/ema/SESAR/ros2_ws/install/turtlebot3_fake_node' for CMake config files
[23.637s] Level 1:colcon.colcon_core.shell:create_environment_hook('turtlebot3_fake_node', 'cmake_prefix_path')
[23.637s] INFO:colcon.colcon_core.shell:Creating environment hook '/home/ema/SESAR/ros2_ws/install/turtlebot3_fake_node/share/turtlebot3_fake_node/hook/cmake_prefix_path.ps1'
[23.637s] INFO:colcon.colcon_core.shell:Creating environment descriptor '/home/ema/SESAR/ros2_ws/install/turtlebot3_fake_node/share/turtlebot3_fake_node/hook/cmake_prefix_path.dsv'
[23.638s] INFO:colcon.colcon_core.shell:Creating environment hook '/home/ema/SESAR/ros2_ws/install/turtlebot3_fake_node/share/turtlebot3_fake_node/hook/cmake_prefix_path.sh'
[23.638s] Level 1:colcon.colcon_core.environment:checking '/home/ema/SESAR/ros2_ws/install/turtlebot3_fake_node/lib'
[23.638s] Level 1:colcon.colcon_core.environment:checking '/home/ema/SESAR/ros2_ws/install/turtlebot3_fake_node/bin'
[23.638s] Level 1:colcon.colcon_core.environment:checking '/home/ema/SESAR/ros2_ws/install/turtlebot3_fake_node/lib/pkgconfig/turtlebot3_fake_node.pc'
[23.639s] Level 1:colcon.colcon_core.environment:checking '/home/ema/SESAR/ros2_ws/install/turtlebot3_fake_node/lib/python3.10/site-packages'
[23.639s] Level 1:colcon.colcon_core.environment:checking '/home/ema/SESAR/ros2_ws/install/turtlebot3_fake_node/bin'
[23.639s] INFO:colcon.colcon_core.shell:Creating package script '/home/ema/SESAR/ros2_ws/install/turtlebot3_fake_node/share/turtlebot3_fake_node/package.ps1'
[23.639s] INFO:colcon.colcon_core.shell:Creating package descriptor '/home/ema/SESAR/ros2_ws/install/turtlebot3_fake_node/share/turtlebot3_fake_node/package.dsv'
[23.640s] INFO:colcon.colcon_core.shell:Creating package script '/home/ema/SESAR/ros2_ws/install/turtlebot3_fake_node/share/turtlebot3_fake_node/package.sh'
[23.640s] INFO:colcon.colcon_core.shell:Creating package script '/home/ema/SESAR/ros2_ws/install/turtlebot3_fake_node/share/turtlebot3_fake_node/package.bash'
[23.640s] INFO:colcon.colcon_core.shell:Creating package script '/home/ema/SESAR/ros2_ws/install/turtlebot3_fake_node/share/turtlebot3_fake_node/package.zsh'
[23.641s] Level 1:colcon.colcon_core.environment:create_file_with_runtime_dependencies(/home/ema/SESAR/ros2_ws/install/turtlebot3_fake_node/share/colcon-core/packages/turtlebot3_fake_node)
[23.642s] Level 1:colcon.colcon_core.environment:create_environment_scripts_only(turtlebot3_fake_node)
[23.642s] Level 1:colcon.colcon_core.environment:checking '/home/ema/SESAR/ros2_ws/install/turtlebot3_fake_node' for CMake module files
[23.642s] Level 1:colcon.colcon_core.environment:checking '/home/ema/SESAR/ros2_ws/install/turtlebot3_fake_node' for CMake config files
[23.643s] Level 1:colcon.colcon_core.shell:create_environment_hook('turtlebot3_fake_node', 'cmake_prefix_path')
[23.643s] INFO:colcon.colcon_core.shell:Creating environment hook '/home/ema/SESAR/ros2_ws/install/turtlebot3_fake_node/share/turtlebot3_fake_node/hook/cmake_prefix_path.ps1'
[23.643s] INFO:colcon.colcon_core.shell:Creating environment descriptor '/home/ema/SESAR/ros2_ws/install/turtlebot3_fake_node/share/turtlebot3_fake_node/hook/cmake_prefix_path.dsv'
[23.644s] INFO:colcon.colcon_core.shell:Creating environment hook '/home/ema/SESAR/ros2_ws/install/turtlebot3_fake_node/share/turtlebot3_fake_node/hook/cmake_prefix_path.sh'
[23.644s] Level 1:colcon.colcon_core.environment:checking '/home/ema/SESAR/ros2_ws/install/turtlebot3_fake_node/lib'
[23.644s] Level 1:colcon.colcon_core.environment:checking '/home/ema/SESAR/ros2_ws/install/turtlebot3_fake_node/bin'
[23.645s] Level 1:colcon.colcon_core.environment:checking '/home/ema/SESAR/ros2_ws/install/turtlebot3_fake_node/lib/pkgconfig/turtlebot3_fake_node.pc'
[23.645s] Level 1:colcon.colcon_core.environment:checking '/home/ema/SESAR/ros2_ws/install/turtlebot3_fake_node/lib/python3.10/site-packages'
[23.645s] Level 1:colcon.colcon_core.environment:checking '/home/ema/SESAR/ros2_ws/install/turtlebot3_fake_node/bin'
[23.645s] INFO:colcon.colcon_core.shell:Creating package script '/home/ema/SESAR/ros2_ws/install/turtlebot3_fake_node/share/turtlebot3_fake_node/package.ps1'
[23.645s] INFO:colcon.colcon_core.shell:Creating package descriptor '/home/ema/SESAR/ros2_ws/install/turtlebot3_fake_node/share/turtlebot3_fake_node/package.dsv'
[23.646s] INFO:colcon.colcon_core.shell:Creating package script '/home/ema/SESAR/ros2_ws/install/turtlebot3_fake_node/share/turtlebot3_fake_node/package.sh'
[23.646s] INFO:colcon.colcon_core.shell:Creating package script '/home/ema/SESAR/ros2_ws/install/turtlebot3_fake_node/share/turtlebot3_fake_node/package.bash'
[23.646s] INFO:colcon.colcon_core.shell:Creating package script '/home/ema/SESAR/ros2_ws/install/turtlebot3_fake_node/share/turtlebot3_fake_node/package.zsh'
[23.647s] Level 1:colcon.colcon_core.environment:create_file_with_runtime_dependencies(/home/ema/SESAR/ros2_ws/install/turtlebot3_fake_node/share/colcon-core/packages/turtlebot3_fake_node)
[23.647s] INFO:colcon.colcon_ros.task.ament_cmake.build:Building ROS package in '/home/ema/SESAR/ros2_ws/src/turtlebot3_simulations/turtlebot3_simulations' with build type 'ament_cmake'
[23.648s] INFO:colcon.colcon_cmake.task.cmake.build:Building CMake package in '/home/ema/SESAR/ros2_ws/src/turtlebot3_simulations/turtlebot3_simulations'
[23.648s] INFO:colcon.colcon_core.shell:Skip shell extension 'powershell' for command environment: Not usable outside of PowerShell
[23.648s] DEBUG:colcon.colcon_core.shell:Skip shell extension 'dsv' for command environment
[23.749s] DEBUG:colcon.colcon_core.event_handler.log_command:Invoking command in '/home/ema/SESAR/ros2_ws/build/turtlebot3_simulations': CMAKE_PREFIX_PATH=/home/ema/SESAR/ros2_ws/install/turtlebot3_fake_node:/home/ema/SESAR/ros2_ws/install/turtlebot3_simulations:/home/ema/SESAR/ros2_ws/install/turtlebot3_gazebo:/home/ema/SESAR/ros2_ws/install/landmark_msgs:/home/ema/SESAR/ros2_ws/install/turtlebot3_perception:/home/ema/SESAR/ros2_ws/install/my_package:/home/ema/SESAR/ros2_ws/install/lab04_pkg:/home/ema/SESAR/ros2_ws/install/lab03_pkg:/home/ema/SESAR/ros2_ws/install/lab02_pkg:/home/ema/SESAR/ros2_ws/install/lab01_pkg:/opt/ros/humble /usr/bin/cmake /home/ema/SESAR/ros2_ws/src/turtlebot3_simulations/turtlebot3_simulations -DCMAKE_INSTALL_PREFIX=/home/ema/SESAR/ros2_ws/install/turtlebot3_simulations
[26.842s] DEBUG:colcon.colcon_core.event_handler.log_command:Invoked command in '/home/ema/SESAR/ros2_ws/build/turtlebot3_simulations' returned '0': CMAKE_PREFIX_PATH=/home/ema/SESAR/ros2_ws/install/turtlebot3_fake_node:/home/ema/SESAR/ros2_ws/install/turtlebot3_simulations:/home/ema/SESAR/ros2_ws/install/turtlebot3_gazebo:/home/ema/SESAR/ros2_ws/install/landmark_msgs:/home/ema/SESAR/ros2_ws/install/turtlebot3_perception:/home/ema/SESAR/ros2_ws/install/my_package:/home/ema/SESAR/ros2_ws/install/lab04_pkg:/home/ema/SESAR/ros2_ws/install/lab03_pkg:/home/ema/SESAR/ros2_ws/install/lab02_pkg:/home/ema/SESAR/ros2_ws/install/lab01_pkg:/opt/ros/humble /usr/bin/cmake /home/ema/SESAR/ros2_ws/src/turtlebot3_simulations/turtlebot3_simulations -DCMAKE_INSTALL_PREFIX=/home/ema/SESAR/ros2_ws/install/turtlebot3_simulations
[26.843s] DEBUG:colcon.colcon_core.event_handler.log_command:Invoking command in '/home/ema/SESAR/ros2_ws/build/turtlebot3_simulations': CMAKE_PREFIX_PATH=/home/ema/SESAR/ros2_ws/install/turtlebot3_fake_node:/home/ema/SESAR/ros2_ws/install/turtlebot3_simulations:/home/ema/SESAR/ros2_ws/install/turtlebot3_gazebo:/home/ema/SESAR/ros2_ws/install/landmark_msgs:/home/ema/SESAR/ros2_ws/install/turtlebot3_perception:/home/ema/SESAR/ros2_ws/install/my_package:/home/ema/SESAR/ros2_ws/install/lab04_pkg:/home/ema/SESAR/ros2_ws/install/lab03_pkg:/home/ema/SESAR/ros2_ws/install/lab02_pkg:/home/ema/SESAR/ros2_ws/install/lab01_pkg:/opt/ros/humble /usr/bin/cmake --build /home/ema/SESAR/ros2_ws/build/turtlebot3_simulations -- -j20 -l20
[26.873s] DEBUG:colcon.colcon_core.event_handler.log_command:Invoked command in '/home/ema/SESAR/ros2_ws/build/turtlebot3_simulations' returned '0': CMAKE_PREFIX_PATH=/home/ema/SESAR/ros2_ws/install/turtlebot3_fake_node:/home/ema/SESAR/ros2_ws/install/turtlebot3_simulations:/home/ema/SESAR/ros2_ws/install/turtlebot3_gazebo:/home/ema/SESAR/ros2_ws/install/landmark_msgs:/home/ema/SESAR/ros2_ws/install/turtlebot3_perception:/home/ema/SESAR/ros2_ws/install/my_package:/home/ema/SESAR/ros2_ws/install/lab04_pkg:/home/ema/SESAR/ros2_ws/install/lab03_pkg:/home/ema/SESAR/ros2_ws/install/lab02_pkg:/home/ema/SESAR/ros2_ws/install/lab01_pkg:/opt/ros/humble /usr/bin/cmake --build /home/ema/SESAR/ros2_ws/build/turtlebot3_simulations -- -j20 -l20
[26.874s] DEBUG:colcon.colcon_core.event_handler.log_command:Invoking command in '/home/ema/SESAR/ros2_ws/build/turtlebot3_simulations': CMAKE_PREFIX_PATH=/home/ema/SESAR/ros2_ws/install/turtlebot3_fake_node:/home/ema/SESAR/ros2_ws/install/turtlebot3_simulations:/home/ema/SESAR/ros2_ws/install/turtlebot3_gazebo:/home/ema/SESAR/ros2_ws/install/landmark_msgs:/home/ema/SESAR/ros2_ws/install/turtlebot3_perception:/home/ema/SESAR/ros2_ws/install/my_package:/home/ema/SESAR/ros2_ws/install/lab04_pkg:/home/ema/SESAR/ros2_ws/install/lab03_pkg:/home/ema/SESAR/ros2_ws/install/lab02_pkg:/home/ema/SESAR/ros2_ws/install/lab01_pkg:/opt/ros/humble /usr/bin/cmake --install /home/ema/SESAR/ros2_ws/build/turtlebot3_simulations
[26.885s] Level 1:colcon.colcon_core.environment:create_environment_scripts_only(turtlebot3_simulations)
[26.885s] Level 1:colcon.colcon_core.environment:checking '/home/ema/SESAR/ros2_ws/install/turtlebot3_simulations' for CMake module files
[26.885s] DEBUG:colcon.colcon_core.event_handler.log_command:Invoked command in '/home/ema/SESAR/ros2_ws/build/turtlebot3_simulations' returned '0': CMAKE_PREFIX_PATH=/home/ema/SESAR/ros2_ws/install/turtlebot3_fake_node:/home/ema/SESAR/ros2_ws/install/turtlebot3_simulations:/home/ema/SESAR/ros2_ws/install/turtlebot3_gazebo:/home/ema/SESAR/ros2_ws/install/landmark_msgs:/home/ema/SESAR/ros2_ws/install/turtlebot3_perception:/home/ema/SESAR/ros2_ws/install/my_package:/home/ema/SESAR/ros2_ws/install/lab04_pkg:/home/ema/SESAR/ros2_ws/install/lab03_pkg:/home/ema/SESAR/ros2_ws/install/lab02_pkg:/home/ema/SESAR/ros2_ws/install/lab01_pkg:/opt/ros/humble /usr/bin/cmake --install /home/ema/SESAR/ros2_ws/build/turtlebot3_simulations
[26.886s] Level 1:colcon.colcon_core.environment:checking '/home/ema/SESAR/ros2_ws/install/turtlebot3_simulations' for CMake config files
[26.886s] Level 1:colcon.colcon_core.shell:create_environment_hook('turtlebot3_simulations', 'cmake_prefix_path')
[26.886s] INFO:colcon.colcon_core.shell:Creating environment hook '/home/ema/SESAR/ros2_ws/install/turtlebot3_simulations/share/turtlebot3_simulations/hook/cmake_prefix_path.ps1'
[26.887s] INFO:colcon.colcon_core.shell:Creating environment descriptor '/home/ema/SESAR/ros2_ws/install/turtlebot3_simulations/share/turtlebot3_simulations/hook/cmake_prefix_path.dsv'
[26.887s] INFO:colcon.colcon_core.shell:Creating environment hook '/home/ema/SESAR/ros2_ws/install/turtlebot3_simulations/share/turtlebot3_simulations/hook/cmake_prefix_path.sh'
[26.887s] Level 1:colcon.colcon_core.environment:checking '/home/ema/SESAR/ros2_ws/install/turtlebot3_simulations/bin'
[26.887s] Level 1:colcon.colcon_core.environment:checking '/home/ema/SESAR/ros2_ws/install/turtlebot3_simulations/lib/pkgconfig/turtlebot3_simulations.pc'
[26.888s] Level 1:colcon.colcon_core.environment:checking '/home/ema/SESAR/ros2_ws/install/turtlebot3_simulations/lib/python3.10/site-packages'
[26.888s] Level 1:colcon.colcon_core.environment:checking '/home/ema/SESAR/ros2_ws/install/turtlebot3_simulations/bin'
[26.888s] INFO:colcon.colcon_core.shell:Creating package script '/home/ema/SESAR/ros2_ws/install/turtlebot3_simulations/share/turtlebot3_simulations/package.ps1'
[26.888s] INFO:colcon.colcon_core.shell:Creating package descriptor '/home/ema/SESAR/ros2_ws/install/turtlebot3_simulations/share/turtlebot3_simulations/package.dsv'
[26.889s] INFO:colcon.colcon_core.shell:Creating package script '/home/ema/SESAR/ros2_ws/install/turtlebot3_simulations/share/turtlebot3_simulations/package.sh'
[26.889s] INFO:colcon.colcon_core.shell:Creating package script '/home/ema/SESAR/ros2_ws/install/turtlebot3_simulations/share/turtlebot3_simulations/package.bash'
[26.889s] INFO:colcon.colcon_core.shell:Creating package script '/home/ema/SESAR/ros2_ws/install/turtlebot3_simulations/share/turtlebot3_simulations/package.zsh'
[26.890s] Level 1:colcon.colcon_core.environment:create_file_with_runtime_dependencies(/home/ema/SESAR/ros2_ws/install/turtlebot3_simulations/share/colcon-core/packages/turtlebot3_simulations)
[26.890s] Level 1:colcon.colcon_core.environment:create_environment_scripts_only(turtlebot3_simulations)
[26.890s] Level 1:colcon.colcon_core.environment:checking '/home/ema/SESAR/ros2_ws/install/turtlebot3_simulations' for CMake module files
[26.891s] Level 1:colcon.colcon_core.environment:checking '/home/ema/SESAR/ros2_ws/install/turtlebot3_simulations' for CMake config files
[26.891s] Level 1:colcon.colcon_core.shell:create_environment_hook('turtlebot3_simulations', 'cmake_prefix_path')
[26.891s] INFO:colcon.colcon_core.shell:Creating environment hook '/home/ema/SESAR/ros2_ws/install/turtlebot3_simulations/share/turtlebot3_simulations/hook/cmake_prefix_path.ps1'
[26.891s] INFO:colcon.colcon_core.shell:Creating environment descriptor '/home/ema/SESAR/ros2_ws/install/turtlebot3_simulations/share/turtlebot3_simulations/hook/cmake_prefix_path.dsv'
[26.892s] INFO:colcon.colcon_core.shell:Creating environment hook '/home/ema/SESAR/ros2_ws/install/turtlebot3_simulations/share/turtlebot3_simulations/hook/cmake_prefix_path.sh'
[26.893s] Level 1:colcon.colcon_core.environment:checking '/home/ema/SESAR/ros2_ws/install/turtlebot3_simulations/bin'
[26.893s] Level 1:colcon.colcon_core.environment:checking '/home/ema/SESAR/ros2_ws/install/turtlebot3_simulations/lib/pkgconfig/turtlebot3_simulations.pc'
[26.893s] Level 1:colcon.colcon_core.environment:checking '/home/ema/SESAR/ros2_ws/install/turtlebot3_simulations/lib/python3.10/site-packages'
[26.893s] Level 1:colcon.colcon_core.environment:checking '/home/ema/SESAR/ros2_ws/install/turtlebot3_simulations/bin'
[26.893s] INFO:colcon.colcon_core.shell:Creating package script '/home/ema/SESAR/ros2_ws/install/turtlebot3_simulations/share/turtlebot3_simulations/package.ps1'
[26.894s] INFO:colcon.colcon_core.shell:Creating package descriptor '/home/ema/SESAR/ros2_ws/install/turtlebot3_simulations/share/turtlebot3_simulations/package.dsv'
[26.894s] INFO:colcon.colcon_core.shell:Creating package script '/home/ema/SESAR/ros2_ws/install/turtlebot3_simulations/share/turtlebot3_simulations/package.sh'
[26.894s] INFO:colcon.colcon_core.shell:Creating package script '/home/ema/SESAR/ros2_ws/install/turtlebot3_simulations/share/turtlebot3_simulations/package.bash'
[26.895s] INFO:colcon.colcon_core.shell:Creating package script '/home/ema/SESAR/ros2_ws/install/turtlebot3_simulations/share/turtlebot3_simulations/package.zsh'
[26.895s] Level 1:colcon.colcon_core.environment:create_file_with_runtime_dependencies(/home/ema/SESAR/ros2_ws/install/turtlebot3_simulations/share/colcon-core/packages/turtlebot3_simulations)
[67.262s] DEBUG:colcon.colcon_core.event_handler.log_command:Invoked command in '/home/ema/SESAR/ros2_ws/build/turtlebot3_gazebo' returned '0': CMAKE_PREFIX_PATH=${CMAKE_PREFIX_PATH}:/home/ema/SESAR/ros2_ws/install/turtlebot3_perception:/home/ema/SESAR/ros2_ws/install/my_package:/home/ema/SESAR/ros2_ws/install/lab04_pkg:/home/ema/SESAR/ros2_ws/install/lab03_pkg:/home/ema/SESAR/ros2_ws/install/lab02_pkg:/home/ema/SESAR/ros2_ws/install/lab01_pkg:/opt/ros/humble /usr/bin/cmake /home/ema/SESAR/ros2_ws/src/turtlebot3_simulations/turtlebot3_gazebo -DCMAKE_INSTALL_PREFIX=/home/ema/SESAR/ros2_ws/install/turtlebot3_gazebo
[67.263s] DEBUG:colcon.colcon_core.event_handler.log_command:Invoking command in '/home/ema/SESAR/ros2_ws/build/turtlebot3_gazebo': CMAKE_PREFIX_PATH=${CMAKE_PREFIX_PATH}:/home/ema/SESAR/ros2_ws/install/turtlebot3_perception:/home/ema/SESAR/ros2_ws/install/my_package:/home/ema/SESAR/ros2_ws/install/lab04_pkg:/home/ema/SESAR/ros2_ws/install/lab03_pkg:/home/ema/SESAR/ros2_ws/install/lab02_pkg:/home/ema/SESAR/ros2_ws/install/lab01_pkg:/opt/ros/humble /usr/bin/cmake --build /home/ema/SESAR/ros2_ws/build/turtlebot3_gazebo -- -j20 -l20
[81.525s] DEBUG:colcon.colcon_core.event_handler.log_command:Invoked command in '/home/ema/SESAR/ros2_ws/build/turtlebot3_gazebo' returned '0': CMAKE_PREFIX_PATH=${CMAKE_PREFIX_PATH}:/home/ema/SESAR/ros2_ws/install/turtlebot3_perception:/home/ema/SESAR/ros2_ws/install/my_package:/home/ema/SESAR/ros2_ws/install/lab04_pkg:/home/ema/SESAR/ros2_ws/install/lab03_pkg:/home/ema/SESAR/ros2_ws/install/lab02_pkg:/home/ema/SESAR/ros2_ws/install/lab01_pkg:/opt/ros/humble /usr/bin/cmake --build /home/ema/SESAR/ros2_ws/build/turtlebot3_gazebo -- -j20 -l20
[81.527s] DEBUG:colcon.colcon_core.event_handler.log_command:Invoking command in '/home/ema/SESAR/ros2_ws/build/turtlebot3_gazebo': CMAKE_PREFIX_PATH=${CMAKE_PREFIX_PATH}:/home/ema/SESAR/ros2_ws/install/turtlebot3_perception:/home/ema/SESAR/ros2_ws/install/my_package:/home/ema/SESAR/ros2_ws/install/lab04_pkg:/home/ema/SESAR/ros2_ws/install/lab03_pkg:/home/ema/SESAR/ros2_ws/install/lab02_pkg:/home/ema/SESAR/ros2_ws/install/lab01_pkg:/opt/ros/humble /usr/bin/cmake --install /home/ema/SESAR/ros2_ws/build/turtlebot3_gazebo
[81.553s] Level 1:colcon.colcon_core.environment:create_environment_scripts_only(turtlebot3_gazebo)
[81.553s] Level 1:colcon.colcon_core.environment:checking '/home/ema/SESAR/ros2_ws/install/turtlebot3_gazebo' for CMake module files
[81.554s] DEBUG:colcon.colcon_core.event_handler.log_command:Invoked command in '/home/ema/SESAR/ros2_ws/build/turtlebot3_gazebo' returned '0': CMAKE_PREFIX_PATH=${CMAKE_PREFIX_PATH}:/home/ema/SESAR/ros2_ws/install/turtlebot3_perception:/home/ema/SESAR/ros2_ws/install/my_package:/home/ema/SESAR/ros2_ws/install/lab04_pkg:/home/ema/SESAR/ros2_ws/install/lab03_pkg:/home/ema/SESAR/ros2_ws/install/lab02_pkg:/home/ema/SESAR/ros2_ws/install/lab01_pkg:/opt/ros/humble /usr/bin/cmake --install /home/ema/SESAR/ros2_ws/build/turtlebot3_gazebo
[81.555s] Level 1:colcon.colcon_core.environment:checking '/home/ema/SESAR/ros2_ws/install/turtlebot3_gazebo' for CMake config files
[81.555s] Level 1:colcon.colcon_core.shell:create_environment_hook('turtlebot3_gazebo', 'cmake_prefix_path')
[81.555s] INFO:colcon.colcon_core.shell:Creating environment hook '/home/ema/SESAR/ros2_ws/install/turtlebot3_gazebo/share/turtlebot3_gazebo/hook/cmake_prefix_path.ps1'
[81.556s] INFO:colcon.colcon_core.shell:Creating environment descriptor '/home/ema/SESAR/ros2_ws/install/turtlebot3_gazebo/share/turtlebot3_gazebo/hook/cmake_prefix_path.dsv'
[81.557s] INFO:colcon.colcon_core.shell:Creating environment hook '/home/ema/SESAR/ros2_ws/install/turtlebot3_gazebo/share/turtlebot3_gazebo/hook/cmake_prefix_path.sh'
[81.557s] Level 1:colcon.colcon_core.environment:checking '/home/ema/SESAR/ros2_ws/install/turtlebot3_gazebo/lib'
[81.557s] Level 1:colcon.colcon_core.environment:checking '/home/ema/SESAR/ros2_ws/install/turtlebot3_gazebo/bin'
[81.557s] Level 1:colcon.colcon_core.environment:checking '/home/ema/SESAR/ros2_ws/install/turtlebot3_gazebo/lib/pkgconfig/turtlebot3_gazebo.pc'
[81.558s] Level 1:colcon.colcon_core.environment:checking '/home/ema/SESAR/ros2_ws/install/turtlebot3_gazebo/lib/python3.10/site-packages'
[81.558s] Level 1:colcon.colcon_core.environment:checking '/home/ema/SESAR/ros2_ws/install/turtlebot3_gazebo/bin'
[81.558s] INFO:colcon.colcon_core.shell:Creating package script '/home/ema/SESAR/ros2_ws/install/turtlebot3_gazebo/share/turtlebot3_gazebo/package.ps1'
[81.559s] INFO:colcon.colcon_core.shell:Creating package descriptor '/home/ema/SESAR/ros2_ws/install/turtlebot3_gazebo/share/turtlebot3_gazebo/package.dsv'
[81.559s] INFO:colcon.colcon_core.shell:Creating package script '/home/ema/SESAR/ros2_ws/install/turtlebot3_gazebo/share/turtlebot3_gazebo/package.sh'
[81.559s] INFO:colcon.colcon_core.shell:Creating package script '/home/ema/SESAR/ros2_ws/install/turtlebot3_gazebo/share/turtlebot3_gazebo/package.bash'
[81.559s] INFO:colcon.colcon_core.shell:Creating package script '/home/ema/SESAR/ros2_ws/install/turtlebot3_gazebo/share/turtlebot3_gazebo/package.zsh'
[81.560s] Level 1:colcon.colcon_core.environment:create_file_with_runtime_dependencies(/home/ema/SESAR/ros2_ws/install/turtlebot3_gazebo/share/colcon-core/packages/turtlebot3_gazebo)
[81.561s] Level 1:colcon.colcon_core.environment:create_environment_scripts_only(turtlebot3_gazebo)
[81.561s] Level 1:colcon.colcon_core.environment:checking '/home/ema/SESAR/ros2_ws/install/turtlebot3_gazebo' for CMake module files
[81.561s] Level 1:colcon.colcon_core.environment:checking '/home/ema/SESAR/ros2_ws/install/turtlebot3_gazebo' for CMake config files
[81.561s] Level 1:colcon.colcon_core.shell:create_environment_hook('turtlebot3_gazebo', 'cmake_prefix_path')
[81.562s] INFO:colcon.colcon_core.shell:Creating environment hook '/home/ema/SESAR/ros2_ws/install/turtlebot3_gazebo/share/turtlebot3_gazebo/hook/cmake_prefix_path.ps1'
[81.562s] INFO:colcon.colcon_core.shell:Creating environment descriptor '/home/ema/SESAR/ros2_ws/install/turtlebot3_gazebo/share/turtlebot3_gazebo/hook/cmake_prefix_path.dsv'
[81.562s] INFO:colcon.colcon_core.shell:Creating environment hook '/home/ema/SESAR/ros2_ws/install/turtlebot3_gazebo/share/turtlebot3_gazebo/hook/cmake_prefix_path.sh'
[81.563s] Level 1:colcon.colcon_core.environment:checking '/home/ema/SESAR/ros2_ws/install/turtlebot3_gazebo/lib'
[81.563s] Level 1:colcon.colcon_core.environment:checking '/home/ema/SESAR/ros2_ws/install/turtlebot3_gazebo/bin'
[81.563s] Level 1:colcon.colcon_core.environment:checking '/home/ema/SESAR/ros2_ws/install/turtlebot3_gazebo/lib/pkgconfig/turtlebot3_gazebo.pc'
[81.563s] Level 1:colcon.colcon_core.environment:checking '/home/ema/SESAR/ros2_ws/install/turtlebot3_gazebo/lib/python3.10/site-packages'
[81.563s] Level 1:colcon.colcon_core.environment:checking '/home/ema/SESAR/ros2_ws/install/turtlebot3_gazebo/bin'
[81.563s] INFO:colcon.colcon_core.shell:Creating package script '/home/ema/SESAR/ros2_ws/install/turtlebot3_gazebo/share/turtlebot3_gazebo/package.ps1'
[81.564s] INFO:colcon.colcon_core.shell:Creating package descriptor '/home/ema/SESAR/ros2_ws/install/turtlebot3_gazebo/share/turtlebot3_gazebo/package.dsv'
[81.564s] INFO:colcon.colcon_core.shell:Creating package script '/home/ema/SESAR/ros2_ws/install/turtlebot3_gazebo/share/turtlebot3_gazebo/package.sh'
[81.565s] INFO:colcon.colcon_core.shell:Creating package script '/home/ema/SESAR/ros2_ws/install/turtlebot3_gazebo/share/turtlebot3_gazebo/package.bash'
[81.565s] INFO:colcon.colcon_core.shell:Creating package script '/home/ema/SESAR/ros2_ws/install/turtlebot3_gazebo/share/turtlebot3_gazebo/package.zsh'
[81.566s] Level 1:colcon.colcon_core.environment:create_file_with_runtime_dependencies(/home/ema/SESAR/ros2_ws/install/turtlebot3_gazebo/share/colcon-core/packages/turtlebot3_gazebo)
[81.566s] DEBUG:colcon.colcon_parallel_executor.executor.parallel:closing loop
[81.567s] DEBUG:colcon.colcon_parallel_executor.executor.parallel:loop closed
[81.567s] DEBUG:colcon.colcon_parallel_executor.executor.parallel:run_until_complete finished with '0'
[81.567s] DEBUG:colcon.colcon_core.event_reactor:joining thread
[81.663s] INFO:colcon.colcon_core.plugin_system:Skipping extension 'colcon_notification.desktop_notification.notify_send': Could not find 'notify-send'
[81.663s] INFO:colcon.colcon_core.plugin_system:Skipping extension 'colcon_notification.desktop_notification.terminal_notifier': Not used on non-Darwin systems
[81.663s] INFO:colcon.colcon_core.plugin_system:Skipping extension 'colcon_notification.desktop_notification.win32': Not used on non-Windows systems
[81.663s] INFO:colcon.colcon_notification.desktop_notification:Sending desktop notification using 'notify2'
[81.663s] DEBUG:colcon.colcon_notification.desktop_notification.notify2:Failed to initialize notify2: org.freedesktop.DBus.Error.FileNotFound: Failed to connect to socket /run/user/1000/bus: No such file or directory
[81.663s] DEBUG:colcon.colcon_core.event_reactor:joined thread
[81.664s] INFO:colcon.colcon_core.shell:Creating prefix script '/home/ema/SESAR/ros2_ws/install/local_setup.ps1'
[81.664s] INFO:colcon.colcon_core.shell:Creating prefix util module '/home/ema/SESAR/ros2_ws/install/_local_setup_util_ps1.py'
[81.665s] INFO:colcon.colcon_core.shell:Creating prefix chain script '/home/ema/SESAR/ros2_ws/install/setup.ps1'
[81.666s] INFO:colcon.colcon_core.shell:Creating prefix script '/home/ema/SESAR/ros2_ws/install/local_setup.sh'
[81.667s] INFO:colcon.colcon_core.shell:Creating prefix util module '/home/ema/SESAR/ros2_ws/install/_local_setup_util_sh.py'
[81.667s] INFO:colcon.colcon_core.shell:Creating prefix chain script '/home/ema/SESAR/ros2_ws/install/setup.sh'
[81.668s] INFO:colcon.colcon_core.shell:Creating prefix script '/home/ema/SESAR/ros2_ws/install/local_setup.bash'
[81.669s] INFO:colcon.colcon_core.shell:Creating prefix chain script '/home/ema/SESAR/ros2_ws/install/setup.bash'
[81.670s] INFO:colcon.colcon_core.shell:Creating prefix script '/home/ema/SESAR/ros2_ws/install/local_setup.zsh'
[81.670s] INFO:colcon.colcon_core.shell:Creating prefix chain script '/home/ema/SESAR/ros2_ws/install/setup.zsh'
